[INFO ] 2025-06-07 20:47:08.674 [main] LoggerLoad - RestAssured Swagger API Execution
[INFO ] 2025-06-07 20:47:08.675 [main] LoggerLoad - Initializing Workbook
[INFO ] 2025-06-07 20:47:08.675 [main] LoggerLoad - Initializing Excel Reader with path: src/test/resources/TestData/API_TestData.xlsx
[INFO ] 2025-06-07 20:47:09.226 [main] LoggerLoad - GET REQUEST: EmptyUsr
[INFO ] 2025-06-07 20:47:10.663 [main] LoggerLoad - GET REQUEST: EmptyPswd
[INFO ] 2025-06-07 20:47:10.878 [main] LoggerLoad - GET REQUEST: NoAuth
[INFO ] 2025-06-07 20:47:11.090 [main] LoggerLoad - GET REQUEST: IncorrectEndPoint
[INFO ] 2025-06-07 20:47:11.367 [main] LoggerLoad - GET REQUEST: IncorrectBaseURL
[INFO ] 2025-06-07 20:47:11.503 [main] LoggerLoad - GET REQUEST: Valid
[INFO ] 2025-06-07 20:47:12.142 [main] LoggerLoad - GET REQUEST: NonExistingUser
[INFO ] 2025-06-07 20:47:12.142 [main] LoggerLoad - GET REQUEST SKIPPED manually: NonExistingUser
[INFO ] 2025-06-07 20:47:12.218 [main] LoggerLoad - Closing Workbook
[INFO ] 2025-06-07 22:05:32.260 [main] LoggerLoad - RestAssured Swagger API Execution
[INFO ] 2025-06-07 22:05:32.261 [main] LoggerLoad - Initializing Workbook
[INFO ] 2025-06-07 22:05:32.262 [main] LoggerLoad - Initializing Excel Reader with path: src/test/resources/TestData/API_TestData.xlsx
[INFO ] 2025-06-07 22:05:32.848 [main] LoggerLoad - GET REQUEST: EmptyUsr
[INFO ] 2025-06-07 22:05:34.992 [main] LoggerLoad - GET REQUEST: EmptyPswd
[INFO ] 2025-06-07 22:05:34.999 [main] LoggerLoad - GET REQUEST: NoAuth
[INFO ] 2025-06-07 22:05:35.229 [main] LoggerLoad - GET REQUEST: IncorrectEndPoint
[INFO ] 2025-06-07 22:05:35.233 [main] LoggerLoad - GET REQUEST: IncorrectBaseURL
[INFO ] 2025-06-07 22:05:35.241 [main] LoggerLoad - GET REQUEST: Valid
[INFO ] 2025-06-07 22:05:37.169 [main] LoggerLoad - GET REQUEST: NonExistingUser
[INFO ] 2025-06-07 22:05:37.265 [main] LoggerLoad - Closing Workbook
[INFO ] 2025-06-07 22:31:08.206 [main] LoggerLoad - RestAssured Swagger API Execution
[INFO ] 2025-06-07 22:31:08.209 [main] LoggerLoad - Initializing Workbook
[INFO ] 2025-06-07 22:31:08.209 [main] LoggerLoad - Initializing Excel Reader with path: src/test/resources/TestData/API_TestData.xlsx
[INFO ] 2025-06-07 22:31:08.979 [main] LoggerLoad - Closing Workbook
[INFO ] 2025-06-07 22:36:17.311 [main] LoggerLoad - RestAssured Swagger API Execution
[INFO ] 2025-06-07 22:36:17.313 [main] LoggerLoad - Initializing Workbook
[INFO ] 2025-06-07 22:36:17.313 [main] LoggerLoad - Initializing Excel Reader with path: src/test/resources/TestData/API_TestData.xlsx
[INFO ] 2025-06-07 22:36:18.037 [main] LoggerLoad - Closing Workbook
[INFO ] 2025-06-07 22:37:10.082 [main] LoggerLoad - RestAssured Swagger API Execution
[INFO ] 2025-06-07 22:37:10.084 [main] LoggerLoad - Initializing Workbook
[INFO ] 2025-06-07 22:37:10.084 [main] LoggerLoad - Initializing Excel Reader with path: src/test/resources/TestData/API_TestData.xlsx
[INFO ] 2025-06-07 22:37:10.649 [main] LoggerLoad - GET REQUEST: EmptyUsr
[INFO ] 2025-06-07 22:37:12.137 [main] LoggerLoad - GET REQUEST: EmptyPswd
[INFO ] 2025-06-07 22:37:12.685 [main] LoggerLoad - GET REQUEST: NoAuth
[INFO ] 2025-06-07 22:37:12.879 [main] LoggerLoad - GET REQUEST: IncorrectEndPoint
[INFO ] 2025-06-07 22:37:13.162 [main] LoggerLoad - GET REQUEST: IncorrectBaseURL
[INFO ] 2025-06-07 22:37:13.352 [main] LoggerLoad - GET REQUEST: Valid
[INFO ] 2025-06-07 22:37:14.373 [main] LoggerLoad - GET REQUEST: NonExistingUser
[INFO ] 2025-06-07 22:37:14.373 [main] LoggerLoad - GET REQUEST SKIPPED manually: NonExistingUser
[INFO ] 2025-06-07 22:37:14.470 [main] LoggerLoad - Closing Workbook
[INFO ] 2025-06-07 22:38:50.764 [main] LoggerLoad - RestAssured Swagger API Execution
[INFO ] 2025-06-07 22:38:50.765 [main] LoggerLoad - Initializing Workbook
[INFO ] 2025-06-07 22:38:50.766 [main] LoggerLoad - Initializing Excel Reader with path: src/test/resources/TestData/API_TestData.xlsx
[INFO ] 2025-06-07 22:38:51.349 [main] LoggerLoad - GET REQUEST: EmptyUsr
[INFO ] 2025-06-07 22:38:51.425 [main] LoggerLoad - GET REQUEST: EmptyPswd
[INFO ] 2025-06-07 22:38:51.433 [main] LoggerLoad - GET REQUEST: NoAuth
[INFO ] 2025-06-07 22:38:51.438 [main] LoggerLoad - GET REQUEST: IncorrectEndPoint
[INFO ] 2025-06-07 22:38:51.444 [main] LoggerLoad - GET REQUEST: IncorrectBaseURL
[INFO ] 2025-06-07 22:38:51.459 [main] LoggerLoad - GET REQUEST: Valid
[INFO ] 2025-06-07 22:38:53.955 [main] LoggerLoad - GET REQUEST: NonExistingUser
[INFO ] 2025-06-07 22:38:54.039 [main] LoggerLoad - Closing Workbook
[INFO ] 2025-06-07 22:41:35.252 [main] LoggerLoad - RestAssured Swagger API Execution
[INFO ] 2025-06-07 22:41:35.254 [main] LoggerLoad - Initializing Workbook
[INFO ] 2025-06-07 22:41:35.254 [main] LoggerLoad - Initializing Excel Reader with path: src/test/resources/TestData/API_TestData.xlsx
[INFO ] 2025-06-07 22:41:35.836 [main] LoggerLoad - GET REQUEST: EmptyUsr
[INFO ] 2025-06-07 22:41:35.913 [main] LoggerLoad - GET REQUEST: EmptyPswd
[INFO ] 2025-06-07 22:41:35.920 [main] LoggerLoad - GET REQUEST: NoAuth
[INFO ] 2025-06-07 22:41:35.927 [main] LoggerLoad - GET REQUEST: IncorrectEndPoint
[INFO ] 2025-06-07 22:41:35.934 [main] LoggerLoad - GET REQUEST: IncorrectBaseURL
[INFO ] 2025-06-07 22:41:35.938 [main] LoggerLoad - GET REQUEST: Valid
[INFO ] 2025-06-07 22:41:38.649 [main] LoggerLoad - GET REQUEST: NonExistingUser
[INFO ] 2025-06-07 22:41:38.731 [main] LoggerLoad - Closing Workbook
[INFO ] 2025-06-07 22:43:09.861 [main] LoggerLoad - RestAssured Swagger API Execution
[INFO ] 2025-06-07 22:43:09.863 [main] LoggerLoad - Initializing Workbook
[INFO ] 2025-06-07 22:43:09.863 [main] LoggerLoad - Initializing Excel Reader with path: src/test/resources/TestData/API_TestData.xlsx
[INFO ] 2025-06-07 22:43:10.402 [main] LoggerLoad - GET REQUEST: EmptyUsr
[INFO ] 2025-06-07 22:43:10.462 [main] LoggerLoad - GET REQUEST: EmptyPswd
[INFO ] 2025-06-07 22:43:10.470 [main] LoggerLoad - GET REQUEST: NoAuth
[INFO ] 2025-06-07 22:43:10.476 [main] LoggerLoad - GET REQUEST: IncorrectEndPoint
[INFO ] 2025-06-07 22:43:10.482 [main] LoggerLoad - GET REQUEST: IncorrectBaseURL
[INFO ] 2025-06-07 22:43:10.487 [main] LoggerLoad - GET REQUEST: Valid
[INFO ] 2025-06-07 22:43:12.916 [main] LoggerLoad - GET REQUEST: NonExistingUser
[INFO ] 2025-06-07 22:43:13.011 [main] LoggerLoad - Closing Workbook
[INFO ] 2025-06-07 22:46:10.013 [main] LoggerLoad - RestAssured Swagger API Execution
[INFO ] 2025-06-07 22:46:10.016 [main] LoggerLoad - Initializing Workbook
[INFO ] 2025-06-07 22:46:10.017 [main] LoggerLoad - Initializing Excel Reader with path: src/test/resources/TestData/API_TestData.xlsx
[INFO ] 2025-06-07 22:46:10.645 [main] LoggerLoad - GET REQUEST: EmptyUsr
[INFO ] 2025-06-07 22:46:10.646 [main] LoggerLoad - GET REQUEST SKIPPED manually: EmptyUsr
[INFO ] 2025-06-07 22:46:10.713 [main] LoggerLoad - GET REQUEST: EmptyPswd
[INFO ] 2025-06-07 22:46:10.713 [main] LoggerLoad - GET REQUEST SKIPPED manually: EmptyPswd
[INFO ] 2025-06-07 22:46:10.727 [main] LoggerLoad - GET REQUEST: NoAuth
[INFO ] 2025-06-07 22:46:10.727 [main] LoggerLoad - GET REQUEST SKIPPED manually: NoAuth
[INFO ] 2025-06-07 22:46:10.734 [main] LoggerLoad - GET REQUEST: IncorrectEndPoint
[INFO ] 2025-06-07 22:46:10.735 [main] LoggerLoad - GET REQUEST SKIPPED manually: IncorrectEndPoint
[INFO ] 2025-06-07 22:46:10.743 [main] LoggerLoad - GET REQUEST: IncorrectBaseURL
[INFO ] 2025-06-07 22:46:10.743 [main] LoggerLoad - GET REQUEST SKIPPED manually: IncorrectBaseURL
[INFO ] 2025-06-07 22:46:10.749 [main] LoggerLoad - GET REQUEST: Valid
[INFO ] 2025-06-07 22:46:13.258 [main] LoggerLoad - GET REQUEST: NonExistingUser
[INFO ] 2025-06-07 22:46:13.258 [main] LoggerLoad - GET REQUEST SKIPPED manually: NonExistingUser
[INFO ] 2025-06-07 22:46:13.340 [main] LoggerLoad - Closing Workbook
[INFO ] 2025-06-07 22:55:03.019 [main] LoggerLoad - RestAssured Swagger API Execution
[INFO ] 2025-06-07 22:55:03.021 [main] LoggerLoad - Initializing Workbook
[INFO ] 2025-06-07 22:55:03.021 [main] LoggerLoad - Initializing Excel Reader with path: src/test/resources/TestData/API_TestData.xlsx
[INFO ] 2025-06-07 22:55:03.595 [main] LoggerLoad - GET REQUEST: Valid
[INFO ] 2025-06-07 22:55:06.277 [main] LoggerLoad - Closing Workbook
[INFO ] 2025-06-07 22:55:46.626 [main] LoggerLoad - RestAssured Swagger API Execution
[INFO ] 2025-06-07 22:55:46.628 [main] LoggerLoad - Initializing Workbook
[INFO ] 2025-06-07 22:55:46.628 [main] LoggerLoad - Initializing Excel Reader with path: src/test/resources/TestData/API_TestData.xlsx
[INFO ] 2025-06-07 22:55:47.183 [main] LoggerLoad - GET REQUEST: Valid
[INFO ] 2025-06-07 22:55:49.749 [main] LoggerLoad - Closing Workbook
[INFO ] 2025-06-07 22:57:48.235 [main] LoggerLoad - RestAssured Swagger API Execution
[INFO ] 2025-06-07 22:57:48.238 [main] LoggerLoad - Initializing Workbook
[INFO ] 2025-06-07 22:57:48.238 [main] LoggerLoad - Initializing Excel Reader with path: src/test/resources/TestData/API_TestData.xlsx
[INFO ] 2025-06-07 22:57:48.761 [main] LoggerLoad - GET REQUEST: Valid
[INFO ] 2025-06-07 22:57:51.229 [main] LoggerLoad - Closing Workbook
[INFO ] 2025-06-07 22:58:41.291 [main] LoggerLoad - RestAssured Swagger API Execution
[INFO ] 2025-06-07 22:58:41.293 [main] LoggerLoad - Initializing Workbook
[INFO ] 2025-06-07 22:58:41.293 [main] LoggerLoad - Initializing Excel Reader with path: src/test/resources/TestData/API_TestData.xlsx
[INFO ] 2025-06-07 22:58:41.857 [main] LoggerLoad - GET REQUEST: Valid
[INFO ] 2025-06-07 22:58:44.203 [main] LoggerLoad - Closing Workbook
[INFO ] 2025-06-07 22:59:23.944 [main] LoggerLoad - RestAssured Swagger API Execution
[INFO ] 2025-06-07 22:59:23.946 [main] LoggerLoad - Initializing Workbook
[INFO ] 2025-06-07 22:59:23.946 [main] LoggerLoad - Initializing Excel Reader with path: src/test/resources/TestData/API_TestData.xlsx
[INFO ] 2025-06-07 22:59:24.500 [main] LoggerLoad - GET REQUEST: Valid
[INFO ] 2025-06-07 22:59:26.886 [main] LoggerLoad - Closing Workbook
[INFO ] 2025-06-07 23:00:33.975 [main] LoggerLoad - RestAssured Swagger API Execution
[INFO ] 2025-06-07 23:00:33.977 [main] LoggerLoad - Initializing Workbook
[INFO ] 2025-06-07 23:00:33.977 [main] LoggerLoad - Initializing Excel Reader with path: src/test/resources/TestData/API_TestData.xlsx
[INFO ] 2025-06-07 23:00:34.517 [main] LoggerLoad - GET REQUEST: Valid
[INFO ] 2025-06-07 23:00:36.854 [main] LoggerLoad - Closing Workbook
[INFO ] 2025-06-07 23:01:10.434 [main] LoggerLoad - RestAssured Swagger API Execution
[INFO ] 2025-06-07 23:01:10.436 [main] LoggerLoad - Initializing Workbook
[INFO ] 2025-06-07 23:01:10.436 [main] LoggerLoad - Initializing Excel Reader with path: src/test/resources/TestData/API_TestData.xlsx
[INFO ] 2025-06-07 23:01:11.004 [main] LoggerLoad - GET REQUEST: Valid
[INFO ] 2025-06-07 23:01:13.589 [main] LoggerLoad - Closing Workbook
[INFO ] 2025-06-07 23:04:06.870 [main] LoggerLoad - RestAssured Swagger API Execution
[INFO ] 2025-06-07 23:04:06.873 [main] LoggerLoad - Initializing Workbook
[INFO ] 2025-06-07 23:04:06.873 [main] LoggerLoad - Initializing Excel Reader with path: src/test/resources/TestData/API_TestData.xlsx
[INFO ] 2025-06-07 23:04:07.421 [main] LoggerLoad - GET REQUEST: Valid
[INFO ] 2025-06-07 23:04:10.201 [main] LoggerLoad - Closing Workbook
[INFO ] 2025-06-07 23:07:41.626 [main] LoggerLoad - RestAssured Swagger API Execution
[INFO ] 2025-06-07 23:07:41.628 [main] LoggerLoad - Initializing Workbook
[INFO ] 2025-06-07 23:07:41.628 [main] LoggerLoad - Initializing Excel Reader with path: src/test/resources/TestData/API_TestData.xlsx
[INFO ] 2025-06-07 23:07:42.211 [main] LoggerLoad - GET REQUEST: Valid
[INFO ] 2025-06-07 23:07:44.545 [main] LoggerLoad - Closing Workbook
[INFO ] 2025-06-07 23:09:42.129 [main] LoggerLoad - RestAssured Swagger API Execution
[INFO ] 2025-06-07 23:09:42.131 [main] LoggerLoad - Initializing Workbook
[INFO ] 2025-06-07 23:09:42.131 [main] LoggerLoad - Initializing Excel Reader with path: src/test/resources/TestData/API_TestData.xlsx
[INFO ] 2025-06-07 23:09:42.701 [main] LoggerLoad - GET REQUEST: Valid
[INFO ] 2025-06-07 23:09:45.822 [main] LoggerLoad - Closing Workbook
[INFO ] 2025-06-07 23:10:52.073 [main] LoggerLoad - RestAssured Swagger API Execution
[INFO ] 2025-06-07 23:10:52.077 [main] LoggerLoad - Initializing Workbook
[INFO ] 2025-06-07 23:10:52.077 [main] LoggerLoad - Initializing Excel Reader with path: src/test/resources/TestData/API_TestData.xlsx
[INFO ] 2025-06-07 23:10:52.777 [main] LoggerLoad - GET REQUEST: Valid
[INFO ] 2025-06-07 23:10:55.712 [main] LoggerLoad - Closing Workbook
[INFO ] 2025-06-07 23:11:49.025 [main] LoggerLoad - RestAssured Swagger API Execution
[INFO ] 2025-06-07 23:11:49.027 [main] LoggerLoad - Initializing Workbook
[INFO ] 2025-06-07 23:11:49.027 [main] LoggerLoad - Initializing Excel Reader with path: src/test/resources/TestData/API_TestData.xlsx
[INFO ] 2025-06-07 23:11:49.594 [main] LoggerLoad - GET REQUEST: Valid
[INFO ] 2025-06-07 23:11:52.034 [main] LoggerLoad - Closing Workbook
[INFO ] 2025-06-07 23:14:47.725 [main] LoggerLoad - RestAssured Swagger API Execution
[INFO ] 2025-06-07 23:14:47.727 [main] LoggerLoad - Initializing Workbook
[INFO ] 2025-06-07 23:14:47.727 [main] LoggerLoad - Initializing Excel Reader with path: src/test/resources/TestData/API_TestData.xlsx
[INFO ] 2025-06-07 23:14:48.280 [main] LoggerLoad - GET REQUEST: Valid
[INFO ] 2025-06-07 23:14:51.130 [main] LoggerLoad - Closing Workbook
[INFO ] 2025-06-07 23:15:23.924 [main] LoggerLoad - RestAssured Swagger API Execution
[INFO ] 2025-06-07 23:15:23.926 [main] LoggerLoad - Initializing Workbook
[INFO ] 2025-06-07 23:15:23.926 [main] LoggerLoad - Initializing Excel Reader with path: src/test/resources/TestData/API_TestData.xlsx
[INFO ] 2025-06-07 23:15:24.491 [main] LoggerLoad - GET REQUEST: Valid
[INFO ] 2025-06-07 23:15:27.289 [main] LoggerLoad - Closing Workbook
[INFO ] 2025-06-08 13:00:37.042 [main] LoggerLoad - RestAssured Swagger API Execution
[INFO ] 2025-06-08 13:00:37.044 [main] LoggerLoad - Initializing Workbook
[INFO ] 2025-06-08 13:00:37.044 [main] LoggerLoad - Initializing Excel Reader with path: src/test/resources/TestData/API_TestData.xlsx
[INFO ] 2025-06-08 13:00:37.597 [main] LoggerLoad - GET REQUEST: Valid
[INFO ] 2025-06-08 13:00:40.924 [main] LoggerLoad - Closing Workbook
[INFO ] 2025-06-08 13:03:45.348 [main] LoggerLoad - RestAssured Swagger API Execution
[INFO ] 2025-06-08 13:03:45.350 [main] LoggerLoad - Initializing Workbook
[INFO ] 2025-06-08 13:03:45.350 [main] LoggerLoad - Initializing Excel Reader with path: src/test/resources/TestData/API_TestData.xlsx
[INFO ] 2025-06-08 13:03:45.851 [main] LoggerLoad - GET REQUEST: Valid
[INFO ] 2025-06-08 13:03:48.522 [main] LoggerLoad - Closing Workbook
[INFO ] 2025-06-08 13:12:36.376 [main] LoggerLoad - RestAssured Swagger API Execution
[INFO ] 2025-06-08 13:12:36.379 [main] LoggerLoad - Initializing Workbook
[INFO ] 2025-06-08 13:12:36.379 [main] LoggerLoad - Initializing Excel Reader with path: src/test/resources/TestData/API_TestData.xlsx
[INFO ] 2025-06-08 13:12:36.881 [main] LoggerLoad - GET REQUEST: EmptyUsr
[INFO ] 2025-06-08 13:12:38.200 [main] LoggerLoad - GET REQUEST: EmptyPswd
[INFO ] 2025-06-08 13:12:38.412 [main] LoggerLoad - GET REQUEST: NoAuth
[INFO ] 2025-06-08 13:12:38.658 [main] LoggerLoad - GET REQUEST: IncorrectEndPoint
[INFO ] 2025-06-08 13:12:39.579 [main] LoggerLoad - GET REQUEST: IncorrectBaseURL
[INFO ] 2025-06-08 13:12:40.438 [main] LoggerLoad - GET REQUEST: Valid
[INFO ] 2025-06-08 13:12:41.266 [main] LoggerLoad - GET REQUEST: NonExistingUser
[INFO ] 2025-06-08 13:12:41.266 [main] LoggerLoad - GET REQUEST SKIPPED manually: NonExistingUser
[INFO ] 2025-06-08 13:12:41.347 [main] LoggerLoad - Closing Workbook
[INFO ] 2025-06-08 13:15:50.531 [main] LoggerLoad - RestAssured Swagger API Execution
[INFO ] 2025-06-08 13:15:50.533 [main] LoggerLoad - Initializing Workbook
[INFO ] 2025-06-08 13:15:50.533 [main] LoggerLoad - Initializing Excel Reader with path: src/test/resources/TestData/API_TestData.xlsx
[INFO ] 2025-06-08 13:15:51.022 [main] LoggerLoad - GET REQUEST: EmptyUsr
[INFO ] 2025-06-08 13:15:52.342 [main] LoggerLoad - GET REQUEST: EmptyPswd
[INFO ] 2025-06-08 13:15:52.557 [main] LoggerLoad - GET REQUEST: NoAuth
[INFO ] 2025-06-08 13:15:52.750 [main] LoggerLoad - GET REQUEST: IncorrectEndPoint
[INFO ] 2025-06-08 13:15:54.155 [main] LoggerLoad - GET REQUEST: IncorrectBaseURL
[INFO ] 2025-06-08 13:15:55.389 [main] LoggerLoad - GET REQUEST: Valid
[INFO ] 2025-06-08 13:15:56.912 [main] LoggerLoad - GET REQUEST: NonExistingUser
[INFO ] 2025-06-08 13:15:56.912 [main] LoggerLoad - GET REQUEST SKIPPED manually: NonExistingUser
[INFO ] 2025-06-08 13:15:57.004 [main] LoggerLoad - Closing Workbook
[INFO ] 2025-06-08 13:17:37.874 [main] LoggerLoad - RestAssured Swagger API Execution
[INFO ] 2025-06-08 13:17:37.876 [main] LoggerLoad - Initializing Workbook
[INFO ] 2025-06-08 13:17:37.876 [main] LoggerLoad - Initializing Excel Reader with path: src/test/resources/TestData/API_TestData.xlsx
[INFO ] 2025-06-08 13:17:38.373 [main] LoggerLoad - GET REQUEST: EmptyUsr
[INFO ] 2025-06-08 13:17:39.727 [main] LoggerLoad - GET REQUEST: EmptyPswd
[INFO ] 2025-06-08 13:17:40.034 [main] LoggerLoad - GET REQUEST: NoAuth
[INFO ] 2025-06-08 13:17:40.270 [main] LoggerLoad - GET REQUEST: IncorrectEndPoint
[INFO ] 2025-06-08 13:17:41.145 [main] LoggerLoad - GET REQUEST: IncorrectBaseURL
[INFO ] 2025-06-08 13:17:41.977 [main] LoggerLoad - GET REQUEST: Valid
[INFO ] 2025-06-08 13:17:42.921 [main] LoggerLoad - GET REQUEST: NonExistingUser
[INFO ] 2025-06-08 13:17:42.921 [main] LoggerLoad - GET REQUEST SKIPPED manually: NonExistingUser
[INFO ] 2025-06-08 13:17:42.992 [main] LoggerLoad - Closing Workbook
[INFO ] 2025-06-08 13:21:00.995 [main] LoggerLoad - RestAssured Swagger API Execution
[INFO ] 2025-06-08 13:21:00.997 [main] LoggerLoad - Initializing Workbook
[INFO ] 2025-06-08 13:21:00.997 [main] LoggerLoad - Initializing Excel Reader with path: src/test/resources/TestData/API_TestData.xlsx
[INFO ] 2025-06-08 13:21:01.489 [main] LoggerLoad - GET REQUEST: EmptyUsr
[INFO ] 2025-06-08 13:21:02.828 [main] LoggerLoad - GET REQUEST: EmptyPswd
[INFO ] 2025-06-08 13:21:03.052 [main] LoggerLoad - GET REQUEST: NoAuth
[INFO ] 2025-06-08 13:21:03.255 [main] LoggerLoad - GET REQUEST: IncorrectEndPoint
[INFO ] 2025-06-08 13:21:04.053 [main] LoggerLoad - GET REQUEST: IncorrectBaseURL
[INFO ] 2025-06-08 13:21:04.931 [main] LoggerLoad - GET REQUEST: Valid
[INFO ] 2025-06-08 13:21:05.763 [main] LoggerLoad - GET REQUEST: NonExistingUser
[INFO ] 2025-06-08 13:21:05.764 [main] LoggerLoad - GET REQUEST SKIPPED manually: NonExistingUser
[INFO ] 2025-06-08 13:21:05.839 [main] LoggerLoad - Closing Workbook
[INFO ] 2025-06-08 13:22:00.750 [main] LoggerLoad - RestAssured Swagger API Execution
[INFO ] 2025-06-08 13:22:00.752 [main] LoggerLoad - Initializing Workbook
[INFO ] 2025-06-08 13:22:00.752 [main] LoggerLoad - Initializing Excel Reader with path: src/test/resources/TestData/API_TestData.xlsx
[INFO ] 2025-06-08 13:22:01.256 [main] LoggerLoad - GET REQUEST: EmptyUsr
[INFO ] 2025-06-08 13:22:02.628 [main] LoggerLoad - GET REQUEST: EmptyPswd
[INFO ] 2025-06-08 13:22:02.837 [main] LoggerLoad - GET REQUEST: NoAuth
[INFO ] 2025-06-08 13:22:03.059 [main] LoggerLoad - GET REQUEST: IncorrectEndPoint
[INFO ] 2025-06-08 13:22:03.913 [main] LoggerLoad - GET REQUEST: IncorrectBaseURL
[INFO ] 2025-06-08 13:22:04.764 [main] LoggerLoad - GET REQUEST: Valid
[INFO ] 2025-06-08 13:22:05.642 [main] LoggerLoad - GET REQUEST: NonExistingUser
[INFO ] 2025-06-08 13:22:05.643 [main] LoggerLoad - GET REQUEST SKIPPED manually: NonExistingUser
[INFO ] 2025-06-08 13:22:05.709 [main] LoggerLoad - Closing Workbook
[INFO ] 2025-06-08 13:23:29.130 [main] LoggerLoad - RestAssured Swagger API Execution
[INFO ] 2025-06-08 13:23:29.131 [main] LoggerLoad - Initializing Workbook
[INFO ] 2025-06-08 13:23:29.131 [main] LoggerLoad - Initializing Excel Reader with path: src/test/resources/TestData/API_TestData.xlsx
[INFO ] 2025-06-08 13:23:29.612 [main] LoggerLoad - GET REQUEST: EmptyUsr
[INFO ] 2025-06-08 13:23:29.612 [main] LoggerLoad - GET REQUEST SKIPPED manually: EmptyUsr
[INFO ] 2025-06-08 13:23:29.679 [main] LoggerLoad - GET REQUEST: EmptyPswd
[INFO ] 2025-06-08 13:23:29.679 [main] LoggerLoad - GET REQUEST SKIPPED manually: EmptyPswd
[INFO ] 2025-06-08 13:23:29.694 [main] LoggerLoad - GET REQUEST: NoAuth
[INFO ] 2025-06-08 13:23:30.946 [main] LoggerLoad - GET REQUEST: IncorrectEndPoint
[INFO ] 2025-06-08 13:23:30.947 [main] LoggerLoad - GET REQUEST SKIPPED manually: IncorrectEndPoint
[INFO ] 2025-06-08 13:23:30.953 [main] LoggerLoad - GET REQUEST: IncorrectBaseURL
[INFO ] 2025-06-08 13:23:30.953 [main] LoggerLoad - GET REQUEST SKIPPED manually: IncorrectBaseURL
[INFO ] 2025-06-08 13:23:30.958 [main] LoggerLoad - GET REQUEST: Valid
[INFO ] 2025-06-08 13:23:31.800 [main] LoggerLoad - GET REQUEST: NonExistingUser
[INFO ] 2025-06-08 13:23:31.800 [main] LoggerLoad - GET REQUEST SKIPPED manually: NonExistingUser
[INFO ] 2025-06-08 13:23:31.884 [main] LoggerLoad - Closing Workbook
[INFO ] 2025-06-08 13:24:31.705 [main] LoggerLoad - RestAssured Swagger API Execution
[INFO ] 2025-06-08 13:24:31.706 [main] LoggerLoad - Initializing Workbook
[INFO ] 2025-06-08 13:24:31.707 [main] LoggerLoad - Initializing Excel Reader with path: src/test/resources/TestData/API_TestData.xlsx
[INFO ] 2025-06-08 13:24:32.221 [main] LoggerLoad - GET REQUEST: EmptyUsr
[INFO ] 2025-06-08 13:24:33.565 [main] LoggerLoad - GET REQUEST: EmptyPswd
[INFO ] 2025-06-08 13:24:33.565 [main] LoggerLoad - GET REQUEST SKIPPED manually: EmptyPswd
[INFO ] 2025-06-08 13:24:33.572 [main] LoggerLoad - GET REQUEST: NoAuth
[INFO ] 2025-06-08 13:24:33.806 [main] LoggerLoad - GET REQUEST: IncorrectEndPoint
[INFO ] 2025-06-08 13:24:33.808 [main] LoggerLoad - GET REQUEST SKIPPED manually: IncorrectEndPoint
[INFO ] 2025-06-08 13:24:33.813 [main] LoggerLoad - GET REQUEST: IncorrectBaseURL
[INFO ] 2025-06-08 13:24:33.814 [main] LoggerLoad - GET REQUEST SKIPPED manually: IncorrectBaseURL
[INFO ] 2025-06-08 13:24:33.818 [main] LoggerLoad - GET REQUEST: Valid
[INFO ] 2025-06-08 13:24:34.645 [main] LoggerLoad - GET REQUEST: NonExistingUser
[INFO ] 2025-06-08 13:24:34.645 [main] LoggerLoad - GET REQUEST SKIPPED manually: NonExistingUser
[INFO ] 2025-06-08 13:24:34.719 [main] LoggerLoad - Closing Workbook
[INFO ] 2025-06-08 13:25:59.058 [main] LoggerLoad - RestAssured Swagger API Execution
[INFO ] 2025-06-08 13:25:59.060 [main] LoggerLoad - Initializing Workbook
[INFO ] 2025-06-08 13:25:59.060 [main] LoggerLoad - Initializing Excel Reader with path: src/test/resources/TestData/API_TestData.xlsx
[INFO ] 2025-06-08 13:25:59.571 [main] LoggerLoad - GET REQUEST: EmptyUsr
[INFO ] 2025-06-08 13:26:00.881 [main] LoggerLoad - GET REQUEST: EmptyPswd
[INFO ] 2025-06-08 13:26:01.108 [main] LoggerLoad - GET REQUEST: NoAuth
[INFO ] 2025-06-08 13:26:01.347 [main] LoggerLoad - GET REQUEST: IncorrectEndPoint
[INFO ] 2025-06-08 13:26:01.347 [main] LoggerLoad - GET REQUEST SKIPPED manually: IncorrectEndPoint
[INFO ] 2025-06-08 13:26:01.363 [main] LoggerLoad - GET REQUEST: IncorrectBaseURL
[INFO ] 2025-06-08 13:26:01.363 [main] LoggerLoad - GET REQUEST SKIPPED manually: IncorrectBaseURL
[INFO ] 2025-06-08 13:26:01.369 [main] LoggerLoad - GET REQUEST: Valid
[INFO ] 2025-06-08 13:26:02.352 [main] LoggerLoad - GET REQUEST: NonExistingUser
[INFO ] 2025-06-08 13:26:02.353 [main] LoggerLoad - GET REQUEST SKIPPED manually: NonExistingUser
[INFO ] 2025-06-08 13:26:02.423 [main] LoggerLoad - Closing Workbook
[INFO ] 2025-06-08 13:26:29.437 [main] LoggerLoad - RestAssured Swagger API Execution
[INFO ] 2025-06-08 13:26:29.439 [main] LoggerLoad - Initializing Workbook
[INFO ] 2025-06-08 13:26:29.439 [main] LoggerLoad - Initializing Excel Reader with path: src/test/resources/TestData/API_TestData.xlsx
[INFO ] 2025-06-08 13:26:29.936 [main] LoggerLoad - GET REQUEST: EmptyUsr
[INFO ] 2025-06-08 13:26:31.223 [main] LoggerLoad - GET REQUEST: EmptyPswd
[INFO ] 2025-06-08 13:26:31.441 [main] LoggerLoad - GET REQUEST: NoAuth
[INFO ] 2025-06-08 13:26:31.645 [main] LoggerLoad - GET REQUEST: IncorrectEndPoint
[INFO ] 2025-06-08 13:26:31.645 [main] LoggerLoad - GET REQUEST SKIPPED manually: IncorrectEndPoint
[INFO ] 2025-06-08 13:26:31.652 [main] LoggerLoad - GET REQUEST: IncorrectBaseURL
[INFO ] 2025-06-08 13:26:31.652 [main] LoggerLoad - GET REQUEST SKIPPED manually: IncorrectBaseURL
[INFO ] 2025-06-08 13:26:31.657 [main] LoggerLoad - GET REQUEST: Valid
[INFO ] 2025-06-08 13:26:32.690 [main] LoggerLoad - GET REQUEST: NonExistingUser
[INFO ] 2025-06-08 13:26:32.690 [main] LoggerLoad - GET REQUEST SKIPPED manually: NonExistingUser
[INFO ] 2025-06-08 13:26:32.771 [main] LoggerLoad - Closing Workbook
[INFO ] 2025-06-08 13:26:55.243 [main] LoggerLoad - RestAssured Swagger API Execution
[INFO ] 2025-06-08 13:26:55.245 [main] LoggerLoad - Initializing Workbook
[INFO ] 2025-06-08 13:26:55.245 [main] LoggerLoad - Initializing Excel Reader with path: src/test/resources/TestData/API_TestData.xlsx
[INFO ] 2025-06-08 13:26:55.758 [main] LoggerLoad - GET REQUEST: EmptyUsr
[INFO ] 2025-06-08 13:26:57.090 [main] LoggerLoad - GET REQUEST: EmptyPswd
[INFO ] 2025-06-08 13:26:57.509 [main] LoggerLoad - GET REQUEST: NoAuth
[INFO ] 2025-06-08 13:26:57.704 [main] LoggerLoad - GET REQUEST: IncorrectEndPoint
[INFO ] 2025-06-08 13:26:57.704 [main] LoggerLoad - GET REQUEST SKIPPED manually: IncorrectEndPoint
[INFO ] 2025-06-08 13:26:57.709 [main] LoggerLoad - GET REQUEST: IncorrectBaseURL
[INFO ] 2025-06-08 13:26:57.709 [main] LoggerLoad - GET REQUEST SKIPPED manually: IncorrectBaseURL
[INFO ] 2025-06-08 13:26:57.712 [main] LoggerLoad - GET REQUEST: Valid
[INFO ] 2025-06-08 13:26:58.500 [main] LoggerLoad - GET REQUEST: NonExistingUser
[INFO ] 2025-06-08 13:26:58.501 [main] LoggerLoad - GET REQUEST SKIPPED manually: NonExistingUser
[INFO ] 2025-06-08 13:26:58.583 [main] LoggerLoad - Closing Workbook
[INFO ] 2025-06-08 13:27:35.920 [main] LoggerLoad - RestAssured Swagger API Execution
[INFO ] 2025-06-08 13:27:35.922 [main] LoggerLoad - Initializing Workbook
[INFO ] 2025-06-08 13:27:35.922 [main] LoggerLoad - Initializing Excel Reader with path: src/test/resources/TestData/API_TestData.xlsx
[INFO ] 2025-06-08 13:27:36.421 [main] LoggerLoad - GET REQUEST: EmptyUsr
[INFO ] 2025-06-08 13:27:37.774 [main] LoggerLoad - GET REQUEST: EmptyPswd
[INFO ] 2025-06-08 13:27:37.979 [main] LoggerLoad - GET REQUEST: NoAuth
[INFO ] 2025-06-08 13:27:38.183 [main] LoggerLoad - GET REQUEST: IncorrectEndPoint
[INFO ] 2025-06-08 13:27:39.023 [main] LoggerLoad - GET REQUEST: IncorrectBaseURL
[INFO ] 2025-06-08 13:27:39.024 [main] LoggerLoad - GET REQUEST SKIPPED manually: IncorrectBaseURL
[INFO ] 2025-06-08 13:27:39.029 [main] LoggerLoad - GET REQUEST: Valid
[INFO ] 2025-06-08 13:27:39.943 [main] LoggerLoad - GET REQUEST: NonExistingUser
[INFO ] 2025-06-08 13:27:39.943 [main] LoggerLoad - GET REQUEST SKIPPED manually: NonExistingUser
[INFO ] 2025-06-08 13:27:40.018 [main] LoggerLoad - Closing Workbook
[INFO ] 2025-06-08 13:28:52.630 [main] LoggerLoad - RestAssured Swagger API Execution
[INFO ] 2025-06-08 13:28:52.632 [main] LoggerLoad - Initializing Workbook
[INFO ] 2025-06-08 13:28:52.632 [main] LoggerLoad - Initializing Excel Reader with path: src/test/resources/TestData/API_TestData.xlsx
[INFO ] 2025-06-08 13:28:53.251 [main] LoggerLoad - GET REQUEST: EmptyUsr
[INFO ] 2025-06-08 13:28:53.251 [main] LoggerLoad - GET REQUEST SKIPPED manually: EmptyUsr
[INFO ] 2025-06-08 13:28:53.309 [main] LoggerLoad - GET REQUEST: EmptyPswd
[INFO ] 2025-06-08 13:28:53.310 [main] LoggerLoad - GET REQUEST SKIPPED manually: EmptyPswd
[INFO ] 2025-06-08 13:28:53.315 [main] LoggerLoad - GET REQUEST: NoAuth
[INFO ] 2025-06-08 13:28:53.315 [main] LoggerLoad - GET REQUEST SKIPPED manually: NoAuth
[INFO ] 2025-06-08 13:28:53.319 [main] LoggerLoad - GET REQUEST: IncorrectEndPoint
[INFO ] 2025-06-08 13:28:55.295 [main] LoggerLoad - GET REQUEST: IncorrectBaseURL
[INFO ] 2025-06-08 13:28:55.295 [main] LoggerLoad - GET REQUEST SKIPPED manually: IncorrectBaseURL
[INFO ] 2025-06-08 13:28:55.299 [main] LoggerLoad - GET REQUEST: Valid
[INFO ] 2025-06-08 13:28:56.225 [main] LoggerLoad - GET REQUEST: NonExistingUser
[INFO ] 2025-06-08 13:28:56.225 [main] LoggerLoad - GET REQUEST SKIPPED manually: NonExistingUser
[INFO ] 2025-06-08 13:28:56.298 [main] LoggerLoad - Closing Workbook
[INFO ] 2025-06-08 13:30:25.015 [main] LoggerLoad - RestAssured Swagger API Execution
[INFO ] 2025-06-08 13:30:25.017 [main] LoggerLoad - Initializing Workbook
[INFO ] 2025-06-08 13:30:25.017 [main] LoggerLoad - Initializing Excel Reader with path: src/test/resources/TestData/API_TestData.xlsx
[INFO ] 2025-06-08 13:30:25.538 [main] LoggerLoad - GET REQUEST: EmptyUsr
[INFO ] 2025-06-08 13:30:25.538 [main] LoggerLoad - GET REQUEST SKIPPED manually: EmptyUsr
[INFO ] 2025-06-08 13:30:25.602 [main] LoggerLoad - GET REQUEST: EmptyPswd
[INFO ] 2025-06-08 13:30:25.602 [main] LoggerLoad - GET REQUEST SKIPPED manually: EmptyPswd
[INFO ] 2025-06-08 13:30:25.607 [main] LoggerLoad - GET REQUEST: NoAuth
[INFO ] 2025-06-08 13:30:25.607 [main] LoggerLoad - GET REQUEST SKIPPED manually: NoAuth
[INFO ] 2025-06-08 13:30:25.611 [main] LoggerLoad - GET REQUEST: IncorrectEndPoint
[INFO ] 2025-06-08 13:30:26.985 [main] LoggerLoad - GET REQUEST: IncorrectBaseURL
[INFO ] 2025-06-08 13:30:26.985 [main] LoggerLoad - GET REQUEST SKIPPED manually: IncorrectBaseURL
[INFO ] 2025-06-08 13:30:26.990 [main] LoggerLoad - GET REQUEST: Valid
[INFO ] 2025-06-08 13:30:27.997 [main] LoggerLoad - GET REQUEST: NonExistingUser
[INFO ] 2025-06-08 13:30:27.997 [main] LoggerLoad - GET REQUEST SKIPPED manually: NonExistingUser
[INFO ] 2025-06-08 13:30:28.072 [main] LoggerLoad - Closing Workbook
[INFO ] 2025-06-08 13:30:53.473 [main] LoggerLoad - RestAssured Swagger API Execution
[INFO ] 2025-06-08 13:30:53.475 [main] LoggerLoad - Initializing Workbook
[INFO ] 2025-06-08 13:30:53.475 [main] LoggerLoad - Initializing Excel Reader with path: src/test/resources/TestData/API_TestData.xlsx
[INFO ] 2025-06-08 13:30:53.971 [main] LoggerLoad - GET REQUEST: EmptyUsr
[INFO ] 2025-06-08 13:30:53.971 [main] LoggerLoad - GET REQUEST SKIPPED manually: EmptyUsr
[INFO ] 2025-06-08 13:30:54.030 [main] LoggerLoad - GET REQUEST: EmptyPswd
[INFO ] 2025-06-08 13:30:54.030 [main] LoggerLoad - GET REQUEST SKIPPED manually: EmptyPswd
[INFO ] 2025-06-08 13:30:54.034 [main] LoggerLoad - GET REQUEST: NoAuth
[INFO ] 2025-06-08 13:30:54.036 [main] LoggerLoad - GET REQUEST SKIPPED manually: NoAuth
[INFO ] 2025-06-08 13:30:54.040 [main] LoggerLoad - GET REQUEST: IncorrectEndPoint
[INFO ] 2025-06-08 13:30:55.474 [main] LoggerLoad - GET REQUEST: IncorrectBaseURL
[INFO ] 2025-06-08 13:30:55.475 [main] LoggerLoad - GET REQUEST SKIPPED manually: IncorrectBaseURL
[INFO ] 2025-06-08 13:30:55.479 [main] LoggerLoad - GET REQUEST: Valid
[INFO ] 2025-06-08 13:30:56.774 [main] LoggerLoad - GET REQUEST: NonExistingUser
[INFO ] 2025-06-08 13:30:56.774 [main] LoggerLoad - GET REQUEST SKIPPED manually: NonExistingUser
[INFO ] 2025-06-08 13:30:56.851 [main] LoggerLoad - Closing Workbook
[INFO ] 2025-06-08 13:32:27.047 [main] LoggerLoad - RestAssured Swagger API Execution
[INFO ] 2025-06-08 13:32:27.049 [main] LoggerLoad - Initializing Workbook
[INFO ] 2025-06-08 13:32:27.049 [main] LoggerLoad - Initializing Excel Reader with path: src/test/resources/TestData/API_TestData.xlsx
[INFO ] 2025-06-08 13:32:27.538 [main] LoggerLoad - GET REQUEST: EmptyUsr
[INFO ] 2025-06-08 13:32:27.538 [main] LoggerLoad - GET REQUEST SKIPPED manually: EmptyUsr
[INFO ] 2025-06-08 13:32:27.592 [main] LoggerLoad - GET REQUEST: EmptyPswd
[INFO ] 2025-06-08 13:32:27.592 [main] LoggerLoad - GET REQUEST SKIPPED manually: EmptyPswd
[INFO ] 2025-06-08 13:32:27.598 [main] LoggerLoad - GET REQUEST: NoAuth
[INFO ] 2025-06-08 13:32:27.598 [main] LoggerLoad - GET REQUEST SKIPPED manually: NoAuth
[INFO ] 2025-06-08 13:32:27.603 [main] LoggerLoad - GET REQUEST: IncorrectEndPoint
[INFO ] 2025-06-08 13:32:29.049 [main] LoggerLoad - GET REQUEST: IncorrectBaseURL
[INFO ] 2025-06-08 13:32:29.050 [main] LoggerLoad - GET REQUEST SKIPPED manually: IncorrectBaseURL
[INFO ] 2025-06-08 13:32:29.053 [main] LoggerLoad - GET REQUEST: Valid
[INFO ] 2025-06-08 13:32:30.223 [main] LoggerLoad - GET REQUEST: NonExistingUser
[INFO ] 2025-06-08 13:32:30.223 [main] LoggerLoad - GET REQUEST SKIPPED manually: NonExistingUser
[INFO ] 2025-06-08 13:32:30.295 [main] LoggerLoad - Closing Workbook
[INFO ] 2025-06-08 13:33:16.408 [main] LoggerLoad - RestAssured Swagger API Execution
[INFO ] 2025-06-08 13:33:16.410 [main] LoggerLoad - Initializing Workbook
[INFO ] 2025-06-08 13:33:16.410 [main] LoggerLoad - Initializing Excel Reader with path: src/test/resources/TestData/API_TestData.xlsx
[INFO ] 2025-06-08 13:33:16.885 [main] LoggerLoad - GET REQUEST: EmptyUsr
[INFO ] 2025-06-08 13:33:16.886 [main] LoggerLoad - GET REQUEST SKIPPED manually: EmptyUsr
[INFO ] 2025-06-08 13:33:16.942 [main] LoggerLoad - GET REQUEST: EmptyPswd
[INFO ] 2025-06-08 13:33:16.942 [main] LoggerLoad - GET REQUEST SKIPPED manually: EmptyPswd
[INFO ] 2025-06-08 13:33:16.949 [main] LoggerLoad - GET REQUEST: NoAuth
[INFO ] 2025-06-08 13:33:16.949 [main] LoggerLoad - GET REQUEST SKIPPED manually: NoAuth
[INFO ] 2025-06-08 13:33:16.954 [main] LoggerLoad - GET REQUEST: IncorrectEndPoint
[INFO ] 2025-06-08 13:33:18.296 [main] LoggerLoad - GET REQUEST: IncorrectBaseURL
[INFO ] 2025-06-08 13:33:18.296 [main] LoggerLoad - GET REQUEST SKIPPED manually: IncorrectBaseURL
[INFO ] 2025-06-08 13:33:18.301 [main] LoggerLoad - GET REQUEST: Valid
[INFO ] 2025-06-08 13:33:19.457 [main] LoggerLoad - GET REQUEST: NonExistingUser
[INFO ] 2025-06-08 13:33:19.457 [main] LoggerLoad - GET REQUEST SKIPPED manually: NonExistingUser
[INFO ] 2025-06-08 13:33:19.534 [main] LoggerLoad - Closing Workbook
[INFO ] 2025-06-08 13:34:35.347 [main] LoggerLoad - RestAssured Swagger API Execution
[INFO ] 2025-06-08 13:34:35.348 [main] LoggerLoad - Initializing Workbook
[INFO ] 2025-06-08 13:34:35.348 [main] LoggerLoad - Initializing Excel Reader with path: src/test/resources/TestData/API_TestData.xlsx
[INFO ] 2025-06-08 13:34:35.850 [main] LoggerLoad - GET REQUEST: EmptyUsr
[INFO ] 2025-06-08 13:34:35.851 [main] LoggerLoad - GET REQUEST SKIPPED manually: EmptyUsr
[INFO ] 2025-06-08 13:34:35.907 [main] LoggerLoad - GET REQUEST: EmptyPswd
[INFO ] 2025-06-08 13:34:35.909 [main] LoggerLoad - GET REQUEST SKIPPED manually: EmptyPswd
[INFO ] 2025-06-08 13:34:35.913 [main] LoggerLoad - GET REQUEST: NoAuth
[INFO ] 2025-06-08 13:34:35.914 [main] LoggerLoad - GET REQUEST SKIPPED manually: NoAuth
[INFO ] 2025-06-08 13:34:35.919 [main] LoggerLoad - GET REQUEST: IncorrectEndPoint
[INFO ] 2025-06-08 13:34:37.253 [main] LoggerLoad - GET REQUEST: IncorrectBaseURL
[INFO ] 2025-06-08 13:34:37.253 [main] LoggerLoad - GET REQUEST SKIPPED manually: IncorrectBaseURL
[INFO ] 2025-06-08 13:34:37.257 [main] LoggerLoad - GET REQUEST: Valid
[INFO ] 2025-06-08 13:34:38.156 [main] LoggerLoad - GET REQUEST: NonExistingUser
[INFO ] 2025-06-08 13:34:38.156 [main] LoggerLoad - GET REQUEST SKIPPED manually: NonExistingUser
[INFO ] 2025-06-08 13:34:38.225 [main] LoggerLoad - Closing Workbook
[INFO ] 2025-06-08 13:36:15.726 [main] LoggerLoad - RestAssured Swagger API Execution
[INFO ] 2025-06-08 13:36:15.727 [main] LoggerLoad - Initializing Workbook
[INFO ] 2025-06-08 13:36:15.727 [main] LoggerLoad - Initializing Excel Reader with path: src/test/resources/TestData/API_TestData.xlsx
[INFO ] 2025-06-08 13:36:16.225 [main] LoggerLoad - GET REQUEST: EmptyUsr
[INFO ] 2025-06-08 13:36:16.226 [main] LoggerLoad - GET REQUEST SKIPPED manually: EmptyUsr
[INFO ] 2025-06-08 13:36:16.288 [main] LoggerLoad - GET REQUEST: EmptyPswd
[INFO ] 2025-06-08 13:36:16.289 [main] LoggerLoad - GET REQUEST SKIPPED manually: EmptyPswd
[INFO ] 2025-06-08 13:36:16.295 [main] LoggerLoad - GET REQUEST: NoAuth
[INFO ] 2025-06-08 13:36:16.295 [main] LoggerLoad - GET REQUEST SKIPPED manually: NoAuth
[INFO ] 2025-06-08 13:36:16.300 [main] LoggerLoad - GET REQUEST: IncorrectEndPoint
[INFO ] 2025-06-08 13:36:17.621 [main] LoggerLoad - GET REQUEST: IncorrectBaseURL
[INFO ] 2025-06-08 13:36:17.621 [main] LoggerLoad - GET REQUEST SKIPPED manually: IncorrectBaseURL
[INFO ] 2025-06-08 13:36:17.627 [main] LoggerLoad - GET REQUEST: Valid
[INFO ] 2025-06-08 13:36:18.696 [main] LoggerLoad - GET REQUEST: NonExistingUser
[INFO ] 2025-06-08 13:36:18.696 [main] LoggerLoad - GET REQUEST SKIPPED manually: NonExistingUser
[INFO ] 2025-06-08 13:36:18.779 [main] LoggerLoad - Closing Workbook
[INFO ] 2025-06-08 13:41:59.419 [main] LoggerLoad - RestAssured Swagger API Execution
[INFO ] 2025-06-08 13:41:59.420 [main] LoggerLoad - Initializing Workbook
[INFO ] 2025-06-08 13:41:59.420 [main] LoggerLoad - Initializing Excel Reader with path: src/test/resources/TestData/API_TestData.xlsx
[INFO ] 2025-06-08 13:41:59.924 [main] LoggerLoad - GET REQUEST: EmptyUsr
[INFO ] 2025-06-08 13:41:59.925 [main] LoggerLoad - GET REQUEST SKIPPED manually: EmptyUsr
[INFO ] 2025-06-08 13:41:59.979 [main] LoggerLoad - GET REQUEST: EmptyPswd
[INFO ] 2025-06-08 13:41:59.979 [main] LoggerLoad - GET REQUEST SKIPPED manually: EmptyPswd
[INFO ] 2025-06-08 13:41:59.986 [main] LoggerLoad - GET REQUEST: NoAuth
[INFO ] 2025-06-08 13:41:59.986 [main] LoggerLoad - GET REQUEST SKIPPED manually: NoAuth
[INFO ] 2025-06-08 13:41:59.992 [main] LoggerLoad - GET REQUEST: IncorrectEndPoint
[INFO ] 2025-06-08 13:42:01.285 [main] LoggerLoad - GET REQUEST: IncorrectBaseURL
[INFO ] 2025-06-08 13:42:01.286 [main] LoggerLoad - GET REQUEST SKIPPED manually: IncorrectBaseURL
[INFO ] 2025-06-08 13:42:01.289 [main] LoggerLoad - GET REQUEST: Valid
[INFO ] 2025-06-08 13:42:02.107 [main] LoggerLoad - GET REQUEST: NonExistingUser
[INFO ] 2025-06-08 13:42:02.107 [main] LoggerLoad - GET REQUEST SKIPPED manually: NonExistingUser
[INFO ] 2025-06-08 13:42:02.184 [main] LoggerLoad - Closing Workbook
[INFO ] 2025-06-08 13:43:12.264 [main] LoggerLoad - RestAssured Swagger API Execution
[INFO ] 2025-06-08 13:43:12.266 [main] LoggerLoad - Initializing Workbook
[INFO ] 2025-06-08 13:43:12.266 [main] LoggerLoad - Initializing Excel Reader with path: src/test/resources/TestData/API_TestData.xlsx
[INFO ] 2025-06-08 13:43:12.727 [main] LoggerLoad - GET REQUEST: EmptyUsr
[INFO ] 2025-06-08 13:43:12.727 [main] LoggerLoad - GET REQUEST SKIPPED manually: EmptyUsr
[INFO ] 2025-06-08 13:43:12.780 [main] LoggerLoad - GET REQUEST: EmptyPswd
[INFO ] 2025-06-08 13:43:12.780 [main] LoggerLoad - GET REQUEST SKIPPED manually: EmptyPswd
[INFO ] 2025-06-08 13:43:12.786 [main] LoggerLoad - GET REQUEST: NoAuth
[INFO ] 2025-06-08 13:43:12.786 [main] LoggerLoad - GET REQUEST SKIPPED manually: NoAuth
[INFO ] 2025-06-08 13:43:12.800 [main] LoggerLoad - GET REQUEST: IncorrectEndPoint
[INFO ] 2025-06-08 13:43:14.075 [main] LoggerLoad - GET REQUEST: IncorrectBaseURL
[INFO ] 2025-06-08 13:43:14.075 [main] LoggerLoad - GET REQUEST SKIPPED manually: IncorrectBaseURL
[INFO ] 2025-06-08 13:43:14.082 [main] LoggerLoad - GET REQUEST: Valid
[INFO ] 2025-06-08 13:43:14.917 [main] LoggerLoad - GET REQUEST: NonExistingUser
[INFO ] 2025-06-08 13:43:14.917 [main] LoggerLoad - GET REQUEST SKIPPED manually: NonExistingUser
[INFO ] 2025-06-08 13:43:15.019 [main] LoggerLoad - Closing Workbook
[INFO ] 2025-06-08 13:45:27.826 [main] LoggerLoad - RestAssured Swagger API Execution
[INFO ] 2025-06-08 13:45:27.828 [main] LoggerLoad - Initializing Workbook
[INFO ] 2025-06-08 13:45:27.828 [main] LoggerLoad - Initializing Excel Reader with path: src/test/resources/TestData/API_TestData.xlsx
[INFO ] 2025-06-08 13:45:28.326 [main] LoggerLoad - GET REQUEST: EmptyUsr
[INFO ] 2025-06-08 13:45:28.327 [main] LoggerLoad - GET REQUEST SKIPPED manually: EmptyUsr
[INFO ] 2025-06-08 13:45:28.376 [main] LoggerLoad - GET REQUEST: EmptyPswd
[INFO ] 2025-06-08 13:45:28.376 [main] LoggerLoad - GET REQUEST SKIPPED manually: EmptyPswd
[INFO ] 2025-06-08 13:45:28.383 [main] LoggerLoad - GET REQUEST: NoAuth
[INFO ] 2025-06-08 13:45:28.383 [main] LoggerLoad - GET REQUEST SKIPPED manually: NoAuth
[INFO ] 2025-06-08 13:45:28.389 [main] LoggerLoad - GET REQUEST: IncorrectEndPoint
[INFO ] 2025-06-08 13:45:28.389 [main] LoggerLoad - GET REQUEST SKIPPED manually: IncorrectEndPoint
[INFO ] 2025-06-08 13:45:28.396 [main] LoggerLoad - GET REQUEST: IncorrectBaseURL
[INFO ] 2025-06-08 13:45:28.396 [main] LoggerLoad - GET REQUEST SKIPPED manually: IncorrectBaseURL
[INFO ] 2025-06-08 13:45:28.401 [main] LoggerLoad - GET REQUEST: Valid
[INFO ] 2025-06-08 13:45:30.565 [main] LoggerLoad - GET REQUEST: NonExistingUser
[INFO ] 2025-06-08 13:45:30.565 [main] LoggerLoad - GET REQUEST SKIPPED manually: NonExistingUser
[INFO ] 2025-06-08 13:45:30.646 [main] LoggerLoad - Closing Workbook
[INFO ] 2025-06-08 13:46:08.453 [main] LoggerLoad - RestAssured Swagger API Execution
[INFO ] 2025-06-08 13:46:08.455 [main] LoggerLoad - Initializing Workbook
[INFO ] 2025-06-08 13:46:08.455 [main] LoggerLoad - Initializing Excel Reader with path: src/test/resources/TestData/API_TestData.xlsx
[INFO ] 2025-06-08 13:46:08.939 [main] LoggerLoad - GET REQUEST: EmptyUsr
[INFO ] 2025-06-08 13:46:08.949 [main] LoggerLoad - GET REQUEST SKIPPED manually: EmptyUsr
[INFO ] 2025-06-08 13:46:09.014 [main] LoggerLoad - GET REQUEST: EmptyPswd
[INFO ] 2025-06-08 13:46:09.016 [main] LoggerLoad - GET REQUEST SKIPPED manually: EmptyPswd
[INFO ] 2025-06-08 13:46:09.022 [main] LoggerLoad - GET REQUEST: NoAuth
[INFO ] 2025-06-08 13:46:09.023 [main] LoggerLoad - GET REQUEST SKIPPED manually: NoAuth
[INFO ] 2025-06-08 13:46:09.032 [main] LoggerLoad - GET REQUEST: IncorrectEndPoint
[INFO ] 2025-06-08 13:46:09.032 [main] LoggerLoad - GET REQUEST SKIPPED manually: IncorrectEndPoint
[INFO ] 2025-06-08 13:46:09.042 [main] LoggerLoad - GET REQUEST: IncorrectBaseURL
[INFO ] 2025-06-08 13:46:09.042 [main] LoggerLoad - GET REQUEST SKIPPED manually: IncorrectBaseURL
[INFO ] 2025-06-08 13:46:09.046 [main] LoggerLoad - GET REQUEST: Valid
[INFO ] 2025-06-08 13:46:10.836 [main] LoggerLoad - GET REQUEST: NonExistingUser
[INFO ] 2025-06-08 13:46:10.836 [main] LoggerLoad - GET REQUEST SKIPPED manually: NonExistingUser
[INFO ] 2025-06-08 13:46:10.917 [main] LoggerLoad - Closing Workbook
[INFO ] 2025-06-08 13:46:56.755 [main] LoggerLoad - RestAssured Swagger API Execution
[INFO ] 2025-06-08 13:46:56.757 [main] LoggerLoad - Initializing Workbook
[INFO ] 2025-06-08 13:46:56.757 [main] LoggerLoad - Initializing Excel Reader with path: src/test/resources/TestData/API_TestData.xlsx
[INFO ] 2025-06-08 13:46:57.239 [main] LoggerLoad - GET REQUEST: EmptyUsr
[INFO ] 2025-06-08 13:46:57.239 [main] LoggerLoad - GET REQUEST SKIPPED manually: EmptyUsr
[INFO ] 2025-06-08 13:46:57.293 [main] LoggerLoad - GET REQUEST: EmptyPswd
[INFO ] 2025-06-08 13:46:57.293 [main] LoggerLoad - GET REQUEST SKIPPED manually: EmptyPswd
[INFO ] 2025-06-08 13:46:57.297 [main] LoggerLoad - GET REQUEST: NoAuth
[INFO ] 2025-06-08 13:46:57.297 [main] LoggerLoad - GET REQUEST SKIPPED manually: NoAuth
[INFO ] 2025-06-08 13:46:57.302 [main] LoggerLoad - GET REQUEST: IncorrectEndPoint
[INFO ] 2025-06-08 13:46:57.302 [main] LoggerLoad - GET REQUEST SKIPPED manually: IncorrectEndPoint
[INFO ] 2025-06-08 13:46:57.307 [main] LoggerLoad - GET REQUEST: IncorrectBaseURL
[INFO ] 2025-06-08 13:46:57.307 [main] LoggerLoad - GET REQUEST SKIPPED manually: IncorrectBaseURL
[INFO ] 2025-06-08 13:46:57.311 [main] LoggerLoad - GET REQUEST: Valid
[INFO ] 2025-06-08 13:46:59.250 [main] LoggerLoad - GET REQUEST: NonExistingUser
[INFO ] 2025-06-08 13:46:59.250 [main] LoggerLoad - GET REQUEST SKIPPED manually: NonExistingUser
[INFO ] 2025-06-08 13:46:59.330 [main] LoggerLoad - Closing Workbook
[INFO ] 2025-06-08 13:48:02.296 [main] LoggerLoad - RestAssured Swagger API Execution
[INFO ] 2025-06-08 13:48:02.298 [main] LoggerLoad - Initializing Workbook
[INFO ] 2025-06-08 13:48:02.298 [main] LoggerLoad - Initializing Excel Reader with path: src/test/resources/TestData/API_TestData.xlsx
[INFO ] 2025-06-08 13:48:02.798 [main] LoggerLoad - GET REQUEST: EmptyUsr
[INFO ] 2025-06-08 13:48:02.798 [main] LoggerLoad - GET REQUEST SKIPPED manually: EmptyUsr
[INFO ] 2025-06-08 13:48:02.860 [main] LoggerLoad - GET REQUEST: EmptyPswd
[INFO ] 2025-06-08 13:48:02.860 [main] LoggerLoad - GET REQUEST SKIPPED manually: EmptyPswd
[INFO ] 2025-06-08 13:48:02.866 [main] LoggerLoad - GET REQUEST: NoAuth
[INFO ] 2025-06-08 13:48:02.866 [main] LoggerLoad - GET REQUEST SKIPPED manually: NoAuth
[INFO ] 2025-06-08 13:48:02.872 [main] LoggerLoad - GET REQUEST: IncorrectEndPoint
[INFO ] 2025-06-08 13:48:04.136 [main] LoggerLoad - GET REQUEST: IncorrectBaseURL
[INFO ] 2025-06-08 13:48:04.136 [main] LoggerLoad - GET REQUEST SKIPPED manually: IncorrectBaseURL
[INFO ] 2025-06-08 13:48:04.140 [main] LoggerLoad - GET REQUEST: Valid
[INFO ] 2025-06-08 13:48:04.948 [main] LoggerLoad - GET REQUEST: NonExistingUser
[INFO ] 2025-06-08 13:48:04.948 [main] LoggerLoad - GET REQUEST SKIPPED manually: NonExistingUser
[INFO ] 2025-06-08 13:48:05.031 [main] LoggerLoad - Closing Workbook
[INFO ] 2025-06-08 13:49:21.055 [main] LoggerLoad - RestAssured Swagger API Execution
[INFO ] 2025-06-08 13:49:21.057 [main] LoggerLoad - Initializing Workbook
[INFO ] 2025-06-08 13:49:21.057 [main] LoggerLoad - Initializing Excel Reader with path: src/test/resources/TestData/API_TestData.xlsx
[INFO ] 2025-06-08 13:49:21.548 [main] LoggerLoad - GET REQUEST: EmptyUsr
[INFO ] 2025-06-08 13:49:21.548 [main] LoggerLoad - GET REQUEST SKIPPED manually: EmptyUsr
[INFO ] 2025-06-08 13:49:21.609 [main] LoggerLoad - GET REQUEST: EmptyPswd
[INFO ] 2025-06-08 13:49:21.609 [main] LoggerLoad - GET REQUEST SKIPPED manually: EmptyPswd
[INFO ] 2025-06-08 13:49:21.614 [main] LoggerLoad - GET REQUEST: NoAuth
[INFO ] 2025-06-08 13:49:21.615 [main] LoggerLoad - GET REQUEST SKIPPED manually: NoAuth
[INFO ] 2025-06-08 13:49:21.619 [main] LoggerLoad - GET REQUEST: IncorrectEndPoint
[INFO ] 2025-06-08 13:49:22.931 [main] LoggerLoad - GET REQUEST: IncorrectBaseURL
[INFO ] 2025-06-08 13:49:22.931 [main] LoggerLoad - GET REQUEST SKIPPED manually: IncorrectBaseURL
[INFO ] 2025-06-08 13:49:22.935 [main] LoggerLoad - GET REQUEST: Valid
[INFO ] 2025-06-08 13:49:23.754 [main] LoggerLoad - GET REQUEST: NonExistingUser
[INFO ] 2025-06-08 13:49:23.755 [main] LoggerLoad - GET REQUEST SKIPPED manually: NonExistingUser
[INFO ] 2025-06-08 13:49:23.837 [main] LoggerLoad - Closing Workbook
[INFO ] 2025-06-08 13:53:18.676 [main] LoggerLoad - RestAssured Swagger API Execution
[INFO ] 2025-06-08 13:53:18.677 [main] LoggerLoad - Initializing Workbook
[INFO ] 2025-06-08 13:53:18.677 [main] LoggerLoad - Initializing Excel Reader with path: src/test/resources/TestData/API_TestData.xlsx
[INFO ] 2025-06-08 13:53:19.199 [main] LoggerLoad - GET REQUEST: EmptyUsr
[INFO ] 2025-06-08 13:53:19.200 [main] LoggerLoad - GET REQUEST SKIPPED manually: EmptyUsr
[INFO ] 2025-06-08 13:53:19.256 [main] LoggerLoad - GET REQUEST: EmptyPswd
[INFO ] 2025-06-08 13:53:19.256 [main] LoggerLoad - GET REQUEST SKIPPED manually: EmptyPswd
[INFO ] 2025-06-08 13:53:19.260 [main] LoggerLoad - GET REQUEST: NoAuth
[INFO ] 2025-06-08 13:53:19.261 [main] LoggerLoad - GET REQUEST SKIPPED manually: NoAuth
[INFO ] 2025-06-08 13:53:19.265 [main] LoggerLoad - GET REQUEST: IncorrectEndPoint
[INFO ] 2025-06-08 13:53:20.637 [main] LoggerLoad - GET REQUEST: IncorrectBaseURL
[INFO ] 2025-06-08 13:53:20.637 [main] LoggerLoad - GET REQUEST SKIPPED manually: IncorrectBaseURL
[INFO ] 2025-06-08 13:53:20.643 [main] LoggerLoad - GET REQUEST: Valid
[INFO ] 2025-06-08 13:53:21.531 [main] LoggerLoad - GET REQUEST: NonExistingUser
[INFO ] 2025-06-08 13:53:21.531 [main] LoggerLoad - GET REQUEST SKIPPED manually: NonExistingUser
[INFO ] 2025-06-08 13:53:21.613 [main] LoggerLoad - Closing Workbook
[INFO ] 2025-06-08 13:56:27.344 [main] LoggerLoad - RestAssured Swagger API Execution
[INFO ] 2025-06-08 13:56:27.346 [main] LoggerLoad - Initializing Workbook
[INFO ] 2025-06-08 13:56:27.346 [main] LoggerLoad - Initializing Excel Reader with path: src/test/resources/TestData/API_TestData.xlsx
[INFO ] 2025-06-08 13:56:27.829 [main] LoggerLoad - GET REQUEST: EmptyUsr
[INFO ] 2025-06-08 13:56:27.830 [main] LoggerLoad - GET REQUEST SKIPPED manually: EmptyUsr
[INFO ] 2025-06-08 13:56:27.888 [main] LoggerLoad - GET REQUEST: EmptyPswd
[INFO ] 2025-06-08 13:56:27.888 [main] LoggerLoad - GET REQUEST SKIPPED manually: EmptyPswd
[INFO ] 2025-06-08 13:56:27.893 [main] LoggerLoad - GET REQUEST: NoAuth
[INFO ] 2025-06-08 13:56:27.893 [main] LoggerLoad - GET REQUEST SKIPPED manually: NoAuth
[INFO ] 2025-06-08 13:56:27.899 [main] LoggerLoad - GET REQUEST: IncorrectEndPoint
[INFO ] 2025-06-08 13:56:29.156 [main] LoggerLoad - GET REQUEST: IncorrectBaseURL
[INFO ] 2025-06-08 13:56:29.967 [main] LoggerLoad - GET REQUEST: Valid
[INFO ] 2025-06-08 13:56:30.834 [main] LoggerLoad - GET REQUEST: NonExistingUser
[INFO ] 2025-06-08 13:56:30.834 [main] LoggerLoad - GET REQUEST SKIPPED manually: NonExistingUser
[INFO ] 2025-06-08 13:56:30.899 [main] LoggerLoad - Closing Workbook
[INFO ] 2025-06-08 14:04:17.851 [main] LoggerLoad - RestAssured Swagger API Execution
[INFO ] 2025-06-08 14:04:17.853 [main] LoggerLoad - Initializing Workbook
[INFO ] 2025-06-08 14:04:17.853 [main] LoggerLoad - Initializing Excel Reader with path: src/test/resources/TestData/API_TestData.xlsx
[INFO ] 2025-06-08 14:04:18.354 [main] LoggerLoad - GET REQUEST: EmptyUsr
[INFO ] 2025-06-08 14:04:18.354 [main] LoggerLoad - GET REQUEST SKIPPED manually: EmptyUsr
[INFO ] 2025-06-08 14:04:18.413 [main] LoggerLoad - GET REQUEST: EmptyPswd
[INFO ] 2025-06-08 14:04:18.414 [main] LoggerLoad - GET REQUEST SKIPPED manually: EmptyPswd
[INFO ] 2025-06-08 14:04:18.419 [main] LoggerLoad - GET REQUEST: NoAuth
[INFO ] 2025-06-08 14:04:18.419 [main] LoggerLoad - GET REQUEST SKIPPED manually: NoAuth
[INFO ] 2025-06-08 14:04:18.424 [main] LoggerLoad - GET REQUEST: IncorrectEndPoint
[INFO ] 2025-06-08 14:04:19.689 [main] LoggerLoad - GET REQUEST: IncorrectBaseURL
[INFO ] 2025-06-08 14:04:19.872 [main] LoggerLoad - GET REQUEST: Valid
[INFO ] 2025-06-08 14:04:20.783 [main] LoggerLoad - GET REQUEST: NonExistingUser
[INFO ] 2025-06-08 14:04:20.783 [main] LoggerLoad - GET REQUEST SKIPPED manually: NonExistingUser
[INFO ] 2025-06-08 14:04:20.864 [main] LoggerLoad - Closing Workbook
[INFO ] 2025-06-08 14:05:28.125 [main] LoggerLoad - RestAssured Swagger API Execution
[INFO ] 2025-06-08 14:05:28.126 [main] LoggerLoad - Initializing Workbook
[INFO ] 2025-06-08 14:05:28.126 [main] LoggerLoad - Initializing Excel Reader with path: src/test/resources/TestData/API_TestData.xlsx
[INFO ] 2025-06-08 14:05:28.648 [main] LoggerLoad - GET REQUEST: EmptyUsr
[INFO ] 2025-06-08 14:05:28.649 [main] LoggerLoad - GET REQUEST SKIPPED manually: EmptyUsr
[INFO ] 2025-06-08 14:05:28.706 [main] LoggerLoad - GET REQUEST: EmptyPswd
[INFO ] 2025-06-08 14:05:28.706 [main] LoggerLoad - GET REQUEST SKIPPED manually: EmptyPswd
[INFO ] 2025-06-08 14:05:28.711 [main] LoggerLoad - GET REQUEST: NoAuth
[INFO ] 2025-06-08 14:05:28.711 [main] LoggerLoad - GET REQUEST SKIPPED manually: NoAuth
[INFO ] 2025-06-08 14:05:28.716 [main] LoggerLoad - GET REQUEST: IncorrectEndPoint
[INFO ] 2025-06-08 14:05:30.136 [main] LoggerLoad - GET REQUEST: IncorrectBaseURL
[INFO ] 2025-06-08 14:05:30.264 [main] LoggerLoad - GET REQUEST: Valid
[INFO ] 2025-06-08 14:05:31.179 [main] LoggerLoad - GET REQUEST: NonExistingUser
[INFO ] 2025-06-08 14:05:31.179 [main] LoggerLoad - GET REQUEST SKIPPED manually: NonExistingUser
[INFO ] 2025-06-08 14:05:31.258 [main] LoggerLoad - Closing Workbook
[INFO ] 2025-06-08 14:07:15.754 [main] LoggerLoad - RestAssured Swagger API Execution
[INFO ] 2025-06-08 14:07:15.756 [main] LoggerLoad - Initializing Workbook
[INFO ] 2025-06-08 14:07:15.756 [main] LoggerLoad - Initializing Excel Reader with path: src/test/resources/TestData/API_TestData.xlsx
[INFO ] 2025-06-08 14:07:16.234 [main] LoggerLoad - GET REQUEST: EmptyUsr
[INFO ] 2025-06-08 14:07:17.533 [main] LoggerLoad - GET REQUEST: EmptyPswd
[INFO ] 2025-06-08 14:07:17.724 [main] LoggerLoad - GET REQUEST: NoAuth
[INFO ] 2025-06-08 14:07:17.902 [main] LoggerLoad - GET REQUEST: IncorrectEndPoint
[INFO ] 2025-06-08 14:07:18.153 [main] LoggerLoad - GET REQUEST: IncorrectBaseURL
[INFO ] 2025-06-08 14:07:18.592 [main] LoggerLoad - GET REQUEST: Valid
[INFO ] 2025-06-08 14:07:19.372 [main] LoggerLoad - GET REQUEST: NonExistingUser
[INFO ] 2025-06-08 14:07:19.372 [main] LoggerLoad - GET REQUEST SKIPPED manually: NonExistingUser
[INFO ] 2025-06-08 14:07:19.471 [main] LoggerLoad - Closing Workbook
[INFO ] 2025-06-08 14:11:56.566 [main] LoggerLoad - RestAssured Swagger API Execution
[INFO ] 2025-06-08 14:11:56.568 [main] LoggerLoad - Initializing Workbook
[INFO ] 2025-06-08 14:11:56.568 [main] LoggerLoad - Initializing Excel Reader with path: src/test/resources/TestData/API_TestData.xlsx
[INFO ] 2025-06-08 14:11:57.094 [main] LoggerLoad - GET REQUEST: EmptyUsr
[INFO ] 2025-06-08 14:11:58.690 [main] LoggerLoad - GET REQUEST: EmptyPswd
[INFO ] 2025-06-08 14:11:58.920 [main] LoggerLoad - GET REQUEST: NoAuth
[INFO ] 2025-06-08 14:11:59.124 [main] LoggerLoad - GET REQUEST: IncorrectEndPoint
[INFO ] 2025-06-08 14:11:59.401 [main] LoggerLoad - GET REQUEST: IncorrectBaseURL
[INFO ] 2025-06-08 14:11:59.592 [main] LoggerLoad - GET REQUEST: Valid
[INFO ] 2025-06-08 14:12:00.516 [main] LoggerLoad - GET REQUEST: NonExistingUser
[INFO ] 2025-06-08 14:12:00.517 [main] LoggerLoad - GET REQUEST SKIPPED manually: NonExistingUser
[INFO ] 2025-06-08 14:12:00.622 [main] LoggerLoad - Closing Workbook
[INFO ] 2025-06-08 14:13:30.850 [main] LoggerLoad - RestAssured Swagger API Execution
[INFO ] 2025-06-08 14:13:30.852 [main] LoggerLoad - Initializing Workbook
[INFO ] 2025-06-08 14:13:30.852 [main] LoggerLoad - Initializing Excel Reader with path: src/test/resources/TestData/API_TestData.xlsx
[INFO ] 2025-06-08 14:13:31.371 [main] LoggerLoad - GET REQUEST: EmptyUsr
[INFO ] 2025-06-08 14:13:32.784 [main] LoggerLoad - GET REQUEST: EmptyPswd
[INFO ] 2025-06-08 14:13:33.091 [main] LoggerLoad - GET REQUEST: NoAuth
[INFO ] 2025-06-08 14:13:33.289 [main] LoggerLoad - GET REQUEST: IncorrectEndPoint
[INFO ] 2025-06-08 14:13:33.566 [main] LoggerLoad - GET REQUEST: IncorrectBaseURL
[INFO ] 2025-06-08 14:13:33.704 [main] LoggerLoad - GET REQUEST: Valid
[INFO ] 2025-06-08 14:13:34.503 [main] LoggerLoad - GET REQUEST: NonExistingUser
[INFO ] 2025-06-08 14:13:34.503 [main] LoggerLoad - GET REQUEST SKIPPED manually: NonExistingUser
[INFO ] 2025-06-08 14:13:34.587 [main] LoggerLoad - Closing Workbook
[INFO ] 2025-06-08 14:15:18.591 [main] LoggerLoad - RestAssured Swagger API Execution
[INFO ] 2025-06-08 14:15:18.593 [main] LoggerLoad - Initializing Workbook
[INFO ] 2025-06-08 14:15:18.593 [main] LoggerLoad - Initializing Excel Reader with path: src/test/resources/TestData/API_TestData.xlsx
[INFO ] 2025-06-08 14:15:19.126 [main] LoggerLoad - GET REQUEST: EmptyUsr
[INFO ] 2025-06-08 14:15:20.602 [main] LoggerLoad - GET REQUEST: EmptyPswd
[INFO ] 2025-06-08 14:15:20.826 [main] LoggerLoad - GET REQUEST: NoAuth
[INFO ] 2025-06-08 14:15:21.055 [main] LoggerLoad - GET REQUEST: IncorrectEndPoint
[INFO ] 2025-06-08 14:15:21.342 [main] LoggerLoad - GET REQUEST: IncorrectBaseURL
[INFO ] 2025-06-08 14:15:21.495 [main] LoggerLoad - GET REQUEST: Valid
[INFO ] 2025-06-08 14:15:22.422 [main] LoggerLoad - GET REQUEST: NonExistingUser
[INFO ] 2025-06-08 14:15:22.422 [main] LoggerLoad - GET REQUEST SKIPPED manually: NonExistingUser
[INFO ] 2025-06-08 14:15:22.534 [main] LoggerLoad - Closing Workbook
[INFO ] 2025-06-08 14:17:39.497 [main] LoggerLoad - RestAssured Swagger API Execution
[INFO ] 2025-06-08 14:17:39.499 [main] LoggerLoad - Initializing Workbook
[INFO ] 2025-06-08 14:17:39.499 [main] LoggerLoad - Initializing Excel Reader with path: src/test/resources/TestData/API_TestData.xlsx
[INFO ] 2025-06-08 14:17:40.011 [main] LoggerLoad - GET REQUEST: EmptyUsr
[INFO ] 2025-06-08 14:17:41.485 [main] LoggerLoad - GET REQUEST: EmptyPswd
[INFO ] 2025-06-08 14:17:41.678 [main] LoggerLoad - GET REQUEST: NoAuth
[INFO ] 2025-06-08 14:17:41.914 [main] LoggerLoad - GET REQUEST: IncorrectEndPoint
[INFO ] 2025-06-08 14:17:42.173 [main] LoggerLoad - GET REQUEST: IncorrectBaseURL
[INFO ] 2025-06-08 14:17:42.366 [main] LoggerLoad - GET REQUEST: Valid
[INFO ] 2025-06-08 14:17:43.376 [main] LoggerLoad - GET REQUEST: NonExistingUser
[INFO ] 2025-06-08 14:17:43.377 [main] LoggerLoad - GET REQUEST SKIPPED manually: NonExistingUser
[INFO ] 2025-06-08 14:17:43.469 [main] LoggerLoad - Closing Workbook
[INFO ] 2025-06-08 14:49:13.759 [main] LoggerLoad - RestAssured Swagger API Execution
[INFO ] 2025-06-08 14:49:13.761 [main] LoggerLoad - Initializing Workbook
[INFO ] 2025-06-08 14:49:13.761 [main] LoggerLoad - Initializing Excel Reader with path: src/test/resources/TestData/API_TestData.xlsx
[INFO ] 2025-06-08 14:49:14.438 [main] LoggerLoad - POST REQUEST: EmptyUsr
[INFO ] 2025-06-08 14:49:16.967 [main] LoggerLoad - POST REQUEST: EmptyPswd
[INFO ] 2025-06-08 14:49:17.253 [main] LoggerLoad - POST REQUEST: NoAuth
[INFO ] 2025-06-08 14:49:17.482 [main] LoggerLoad - POST REQUEST: IncorrectEndPoint
[INFO ] 2025-06-08 14:49:17.753 [main] LoggerLoad - POST REQUEST: IncorrectBaseURL
[INFO ] 2025-06-08 14:49:18.437 [main] LoggerLoad - POST REQUEST: ExistingUser
[INFO ] 2025-06-08 14:49:18.930 [main] LoggerLoad - POST REQUEST: NumericFirstname
[INFO ] 2025-06-08 14:49:19.135 [main] LoggerLoad - POST REQUEST: CharFirstName
[INFO ] 2025-06-08 14:49:19.329 [main] LoggerLoad - POST REQUEST: EmptyFirstName
[INFO ] 2025-06-08 14:49:19.580 [main] LoggerLoad - POST REQUEST: NumericLastname
[INFO ] 2025-06-08 14:49:19.779 [main] LoggerLoad - POST REQUEST: CharLastName
[INFO ] 2025-06-08 14:49:20.002 [main] LoggerLoad - POST REQUEST: EmptyLastName
[INFO ] 2025-06-08 14:49:20.208 [main] LoggerLoad - POST REQUEST: EmailEmpty
[INFO ] 2025-06-08 14:49:20.410 [main] LoggerLoad - POST REQUEST: InvalidEmailFormat
[INFO ] 2025-06-08 14:49:20.716 [main] LoggerLoad - POST REQUEST: PhoneGrt10Digit
[INFO ] 2025-06-08 14:49:20.954 [main] LoggerLoad - POST REQUEST: PhoneLess10Digit
[INFO ] 2025-06-08 14:49:21.161 [main] LoggerLoad - POST REQUEST: Valid
[INFO ] 2025-06-08 14:49:21.467 [main] LoggerLoad - POST REQUEST: ValidNam
[INFO ] 2025-06-08 14:49:21.763 [main] LoggerLoad - Closing Workbook
[INFO ] 2025-06-08 14:50:34.596 [main] LoggerLoad - RestAssured Swagger API Execution
[INFO ] 2025-06-08 14:50:34.598 [main] LoggerLoad - Initializing Workbook
[INFO ] 2025-06-08 14:50:34.599 [main] LoggerLoad - Initializing Excel Reader with path: src/test/resources/TestData/API_TestData.xlsx
[INFO ] 2025-06-08 14:50:35.149 [main] LoggerLoad - POST REQUEST: EmptyUsr
[INFO ] 2025-06-08 14:50:36.861 [main] LoggerLoad - POST REQUEST: EmptyPswd
[INFO ] 2025-06-08 14:50:37.053 [main] LoggerLoad - POST REQUEST: NoAuth
[INFO ] 2025-06-08 14:50:37.304 [main] LoggerLoad - POST REQUEST: IncorrectEndPoint
[INFO ] 2025-06-08 14:50:37.527 [main] LoggerLoad - POST REQUEST: IncorrectBaseURL
[INFO ] 2025-06-08 14:50:37.846 [main] LoggerLoad - POST REQUEST: ExistingUser
[INFO ] 2025-06-08 14:50:38.079 [main] LoggerLoad - POST REQUEST: NumericFirstname
[INFO ] 2025-06-08 14:50:38.281 [main] LoggerLoad - POST REQUEST: CharFirstName
[INFO ] 2025-06-08 14:50:38.563 [main] LoggerLoad - POST REQUEST: EmptyFirstName
[INFO ] 2025-06-08 14:50:38.918 [main] LoggerLoad - POST REQUEST: NumericLastname
[INFO ] 2025-06-08 14:50:39.146 [main] LoggerLoad - POST REQUEST: CharLastName
[INFO ] 2025-06-08 14:50:39.341 [main] LoggerLoad - POST REQUEST: EmptyLastName
[INFO ] 2025-06-08 14:50:39.559 [main] LoggerLoad - POST REQUEST: EmailEmpty
[INFO ] 2025-06-08 14:50:39.793 [main] LoggerLoad - POST REQUEST: InvalidEmailFormat
[INFO ] 2025-06-08 14:50:39.998 [main] LoggerLoad - POST REQUEST: PhoneGrt10Digit
[INFO ] 2025-06-08 14:50:40.189 [main] LoggerLoad - POST REQUEST: PhoneLess10Digit
[INFO ] 2025-06-08 14:50:40.375 [main] LoggerLoad - POST REQUEST: Valid
[INFO ] 2025-06-08 14:50:40.608 [main] LoggerLoad - POST REQUEST: ValidNam
[INFO ] 2025-06-08 14:50:40.912 [main] LoggerLoad - Closing Workbook
[INFO ] 2025-06-08 14:53:24.138 [main] LoggerLoad - RestAssured Swagger API Execution
[INFO ] 2025-06-08 14:53:24.140 [main] LoggerLoad - Initializing Workbook
[INFO ] 2025-06-08 14:53:24.140 [main] LoggerLoad - Initializing Excel Reader with path: src/test/resources/TestData/API_TestData.xlsx
[INFO ] 2025-06-08 14:53:24.674 [main] LoggerLoad - POST REQUEST: Valid
[INFO ] 2025-06-08 14:53:26.423 [main] LoggerLoad - POST REQUEST: ValidNam
[INFO ] 2025-06-08 14:53:26.751 [main] LoggerLoad - Closing Workbook
[INFO ] 2025-06-08 14:55:30.627 [main] LoggerLoad - RestAssured Swagger API Execution
[INFO ] 2025-06-08 14:55:30.628 [main] LoggerLoad - Initializing Workbook
[INFO ] 2025-06-08 14:55:30.628 [main] LoggerLoad - Initializing Excel Reader with path: src/test/resources/TestData/API_TestData.xlsx
[INFO ] 2025-06-08 14:55:31.151 [main] LoggerLoad - POST REQUEST: Valid
[INFO ] 2025-06-08 14:55:32.778 [main] LoggerLoad - POST REQUEST: ValidNam
[INFO ] 2025-06-08 14:55:33.081 [main] LoggerLoad - Closing Workbook
[INFO ] 2025-06-08 14:56:02.196 [main] LoggerLoad - RestAssured Swagger API Execution
[INFO ] 2025-06-08 14:56:02.197 [main] LoggerLoad - Initializing Workbook
[INFO ] 2025-06-08 14:56:02.197 [main] LoggerLoad - Initializing Excel Reader with path: src/test/resources/TestData/API_TestData.xlsx
[INFO ] 2025-06-08 14:56:02.704 [main] LoggerLoad - POST REQUEST: Valid
[INFO ] 2025-06-08 14:56:04.734 [main] LoggerLoad - POST REQUEST: ValidNam
[INFO ] 2025-06-08 14:56:05.058 [main] LoggerLoad - Closing Workbook
[INFO ] 2025-06-08 14:57:26.304 [main] LoggerLoad - RestAssured Swagger API Execution
[INFO ] 2025-06-08 14:57:26.306 [main] LoggerLoad - Initializing Workbook
[INFO ] 2025-06-08 14:57:26.307 [main] LoggerLoad - Initializing Excel Reader with path: src/test/resources/TestData/API_TestData.xlsx
[INFO ] 2025-06-08 14:57:26.816 [main] LoggerLoad - POST REQUEST: Valid
[INFO ] 2025-06-08 14:57:28.477 [main] LoggerLoad - POST REQUEST: ValidNam
[INFO ] 2025-06-08 14:57:28.808 [main] LoggerLoad - Closing Workbook
[INFO ] 2025-06-08 15:53:49.627 [main] LoggerLoad - RestAssured Swagger API Execution
[INFO ] 2025-06-08 15:53:49.629 [main] LoggerLoad - Initializing Workbook
[INFO ] 2025-06-08 15:53:49.629 [main] LoggerLoad - Initializing Excel Reader with path: src/test/resources/TestData/API_TestData.xlsx
[INFO ] 2025-06-08 15:53:50.154 [main] LoggerLoad - POST REQUEST: Valid
[INFO ] 2025-06-08 15:53:51.953 [main] LoggerLoad - POST REQUEST: ValidNam
[INFO ] 2025-06-08 15:53:52.292 [main] LoggerLoad - Closing Workbook
[INFO ] 2025-06-08 15:55:06.886 [main] LoggerLoad - RestAssured Swagger API Execution
[INFO ] 2025-06-08 15:55:06.888 [main] LoggerLoad - Initializing Workbook
[INFO ] 2025-06-08 15:55:06.888 [main] LoggerLoad - Initializing Excel Reader with path: src/test/resources/TestData/API_TestData.xlsx
[INFO ] 2025-06-08 15:55:07.398 [main] LoggerLoad - POST REQUEST: Valid
[INFO ] 2025-06-08 15:55:09.371 [main] LoggerLoad - POST REQUEST: ValidNam
[INFO ] 2025-06-08 15:55:09.676 [main] LoggerLoad - Closing Workbook
[INFO ] 2025-06-08 16:33:36.538 [main] LoggerLoad - RestAssured Swagger API Execution
[INFO ] 2025-06-08 16:33:36.540 [main] LoggerLoad - Initializing Workbook
[INFO ] 2025-06-08 16:33:36.540 [main] LoggerLoad - Initializing Excel Reader with path: src/test/resources/TestData/API_TestData.xlsx
[INFO ] 2025-06-08 16:33:37.057 [main] LoggerLoad - POST REQUEST: Valid
[INFO ] 2025-06-08 16:33:39.093 [main] LoggerLoad - POST REQUEST: ValidNam
[INFO ] 2025-06-08 16:33:39.425 [main] LoggerLoad - Closing Workbook
[INFO ] 2025-06-08 16:34:58.277 [main] LoggerLoad - RestAssured Swagger API Execution
[INFO ] 2025-06-08 16:34:58.279 [main] LoggerLoad - Initializing Workbook
[INFO ] 2025-06-08 16:34:58.279 [main] LoggerLoad - Initializing Excel Reader with path: src/test/resources/TestData/API_TestData.xlsx
[INFO ] 2025-06-08 16:34:58.803 [main] LoggerLoad - POST REQUEST: Valid
[INFO ] 2025-06-08 16:35:00.822 [main] LoggerLoad - POST REQUEST: ValidNam
[INFO ] 2025-06-08 16:35:01.198 [main] LoggerLoad - Closing Workbook
[INFO ] 2025-06-08 16:45:50.044 [main] LoggerLoad - RestAssured Swagger API Execution
[INFO ] 2025-06-08 16:45:50.046 [main] LoggerLoad - Initializing Workbook
[INFO ] 2025-06-08 16:45:50.047 [main] LoggerLoad - Initializing Excel Reader with path: src/test/resources/TestData/API_TestData.xlsx
[INFO ] 2025-06-08 16:45:50.642 [main] LoggerLoad - POST REQUEST: Valid
[INFO ] 2025-06-08 16:45:52.704 [main] LoggerLoad - POST REQUEST: ValidNam
[INFO ] 2025-06-08 16:45:53.047 [main] LoggerLoad - Closing Workbook
[INFO ] 2025-06-08 16:46:44.152 [main] LoggerLoad - RestAssured Swagger API Execution
[INFO ] 2025-06-08 16:46:44.154 [main] LoggerLoad - Initializing Workbook
[INFO ] 2025-06-08 16:46:44.154 [main] LoggerLoad - Initializing Excel Reader with path: src/test/resources/TestData/API_TestData.xlsx
[INFO ] 2025-06-08 16:46:44.649 [main] LoggerLoad - POST REQUEST: Valid
[INFO ] 2025-06-08 16:46:46.688 [main] LoggerLoad - POST REQUEST: ValidNam
[INFO ] 2025-06-08 16:46:47.074 [main] LoggerLoad - Closing Workbook
[INFO ] 2025-06-08 16:48:30.480 [main] LoggerLoad - RestAssured Swagger API Execution
[INFO ] 2025-06-08 16:48:30.482 [main] LoggerLoad - Initializing Workbook
[INFO ] 2025-06-08 16:48:30.482 [main] LoggerLoad - Initializing Excel Reader with path: src/test/resources/TestData/API_TestData.xlsx
[INFO ] 2025-06-08 16:48:30.997 [main] LoggerLoad - POST REQUEST: Valid
[INFO ] 2025-06-08 16:48:33.126 [main] LoggerLoad - POST REQUEST: ValidNam
[INFO ] 2025-06-08 16:48:33.478 [main] LoggerLoad - Closing Workbook
[INFO ] 2025-06-08 16:50:03.280 [main] LoggerLoad - RestAssured Swagger API Execution
[INFO ] 2025-06-08 16:50:03.282 [main] LoggerLoad - Initializing Workbook
[INFO ] 2025-06-08 16:50:03.282 [main] LoggerLoad - Initializing Excel Reader with path: src/test/resources/TestData/API_TestData.xlsx
[INFO ] 2025-06-08 16:50:03.787 [main] LoggerLoad - POST REQUEST: Valid
[INFO ] 2025-06-08 16:50:05.985 [main] LoggerLoad - POST REQUEST: ValidNam
[INFO ] 2025-06-08 16:50:06.330 [main] LoggerLoad - Closing Workbook
[INFO ] 2025-06-08 16:56:22.178 [main] LoggerLoad - RestAssured Swagger API Execution
[INFO ] 2025-06-08 16:56:22.181 [main] LoggerLoad - Initializing Workbook
[INFO ] 2025-06-08 16:56:22.181 [main] LoggerLoad - Initializing Excel Reader with path: src/test/resources/TestData/API_TestData.xlsx
[INFO ] 2025-06-08 16:56:22.701 [main] LoggerLoad - POST REQUEST: Valid
[INFO ] 2025-06-08 16:56:24.848 [main] LoggerLoad - POST REQUEST: ValidNam
[INFO ] 2025-06-08 16:56:25.211 [main] LoggerLoad - Closing Workbook
[INFO ] 2025-06-08 16:58:46.795 [main] LoggerLoad - RestAssured Swagger API Execution
[INFO ] 2025-06-08 16:58:46.797 [main] LoggerLoad - Initializing Workbook
[INFO ] 2025-06-08 16:58:46.798 [main] LoggerLoad - Initializing Excel Reader with path: src/test/resources/TestData/API_TestData.xlsx
[INFO ] 2025-06-08 16:58:47.452 [main] LoggerLoad - POST REQUEST: Valid
[INFO ] 2025-06-08 16:58:49.449 [main] LoggerLoad - POST REQUEST: ValidNam
[INFO ] 2025-06-08 16:58:49.802 [main] LoggerLoad - Closing Workbook
[INFO ] 2025-06-08 17:00:30.672 [main] LoggerLoad - RestAssured Swagger API Execution
[INFO ] 2025-06-08 17:00:30.674 [main] LoggerLoad - Initializing Workbook
[INFO ] 2025-06-08 17:00:30.674 [main] LoggerLoad - Initializing Excel Reader with path: src/test/resources/TestData/API_TestData.xlsx
[INFO ] 2025-06-08 17:00:31.199 [main] LoggerLoad - POST REQUEST: Valid
[INFO ] 2025-06-08 17:00:33.315 [main] LoggerLoad - POST REQUEST: ValidNam
[INFO ] 2025-06-08 17:00:33.651 [main] LoggerLoad - Closing Workbook
[INFO ] 2025-06-08 17:04:26.003 [main] LoggerLoad - RestAssured Swagger API Execution
[INFO ] 2025-06-08 17:04:26.004 [main] LoggerLoad - Initializing Workbook
[INFO ] 2025-06-08 17:04:26.005 [main] LoggerLoad - Initializing Excel Reader with path: src/test/resources/TestData/API_TestData.xlsx
[INFO ] 2025-06-08 17:04:26.493 [main] LoggerLoad - POST REQUEST: Valid
[INFO ] 2025-06-08 17:04:28.655 [main] LoggerLoad - POST REQUEST: ValidNam
[INFO ] 2025-06-08 17:04:28.997 [main] LoggerLoad - Closing Workbook
[INFO ] 2025-06-08 17:15:05.665 [main] LoggerLoad - RestAssured Swagger API Execution
[INFO ] 2025-06-08 17:15:05.667 [main] LoggerLoad - Initializing Workbook
[INFO ] 2025-06-08 17:15:05.667 [main] LoggerLoad - Initializing Excel Reader with path: src/test/resources/TestData/API_TestData.xlsx
[INFO ] 2025-06-08 17:15:06.175 [main] LoggerLoad - POST REQUEST: Valid
[INFO ] 2025-06-08 17:15:08.007 [main] LoggerLoad - POST REQUEST: ValidNam
[INFO ] 2025-06-08 17:15:08.407 [main] LoggerLoad - Closing Workbook
[INFO ] 2025-06-08 17:15:37.900 [main] LoggerLoad - RestAssured Swagger API Execution
[INFO ] 2025-06-08 17:15:37.901 [main] LoggerLoad - Initializing Workbook
[INFO ] 2025-06-08 17:15:37.901 [main] LoggerLoad - Initializing Excel Reader with path: src/test/resources/TestData/API_TestData.xlsx
[INFO ] 2025-06-08 17:15:38.415 [main] LoggerLoad - POST REQUEST: Valid
[INFO ] 2025-06-08 17:15:40.409 [main] LoggerLoad - POST REQUEST: ValidNam
[INFO ] 2025-06-08 17:15:40.767 [main] LoggerLoad - Closing Workbook
[INFO ] 2025-06-08 17:17:54.102 [main] LoggerLoad - RestAssured Swagger API Execution
[INFO ] 2025-06-08 17:17:54.104 [main] LoggerLoad - Initializing Workbook
[INFO ] 2025-06-08 17:17:54.104 [main] LoggerLoad - Initializing Excel Reader with path: src/test/resources/TestData/API_TestData.xlsx
[INFO ] 2025-06-08 17:17:54.605 [main] LoggerLoad - POST REQUEST: Valid
[INFO ] 2025-06-08 17:17:56.675 [main] LoggerLoad - POST REQUEST: ValidNam
[INFO ] 2025-06-08 17:17:57.034 [main] LoggerLoad - Closing Workbook
[INFO ] 2025-06-08 17:22:04.494 [main] LoggerLoad - RestAssured Swagger API Execution
[INFO ] 2025-06-08 17:22:04.496 [main] LoggerLoad - Initializing Workbook
[INFO ] 2025-06-08 17:22:04.497 [main] LoggerLoad - Initializing Excel Reader with path: src/test/resources/TestData/API_TestData.xlsx
[INFO ] 2025-06-08 17:22:05.015 [main] LoggerLoad - GET REQUEST: EmptyUsr
[INFO ] 2025-06-08 17:22:05.080 [main] LoggerLoad - GET REQUEST: EmptyPswd
[INFO ] 2025-06-08 17:22:05.085 [main] LoggerLoad - GET REQUEST: NoAuth
[INFO ] 2025-06-08 17:22:05.090 [main] LoggerLoad - GET REQUEST: IncorrectEndPoint
[INFO ] 2025-06-08 17:22:05.094 [main] LoggerLoad - GET REQUEST: IncorrectBaseURL
[INFO ] 2025-06-08 17:22:05.098 [main] LoggerLoad - GET REQUEST: Valid
[INFO ] 2025-06-08 17:22:07.939 [main] LoggerLoad - GET REQUEST: NonExistingUser
[INFO ] 2025-06-08 17:22:08.062 [main] LoggerLoad - Closing Workbook
[INFO ] 2025-06-08 17:24:32.889 [main] LoggerLoad - RestAssured Swagger API Execution
[INFO ] 2025-06-08 17:24:32.891 [main] LoggerLoad - Initializing Workbook
[INFO ] 2025-06-08 17:24:32.891 [main] LoggerLoad - Initializing Excel Reader with path: src/test/resources/TestData/API_TestData.xlsx
[INFO ] 2025-06-08 17:24:33.409 [main] LoggerLoad - GET REQUEST: EmptyUsr
[INFO ] 2025-06-08 17:24:33.470 [main] LoggerLoad - GET REQUEST: EmptyPswd
[INFO ] 2025-06-08 17:24:33.477 [main] LoggerLoad - GET REQUEST: NoAuth
[INFO ] 2025-06-08 17:24:33.481 [main] LoggerLoad - GET REQUEST: IncorrectEndPoint
[INFO ] 2025-06-08 17:24:33.487 [main] LoggerLoad - GET REQUEST: IncorrectBaseURL
[INFO ] 2025-06-08 17:24:33.491 [main] LoggerLoad - GET REQUEST: Valid
[INFO ] 2025-06-08 17:24:36.466 [main] LoggerLoad - GET REQUEST: NonExistingUser
[INFO ] 2025-06-08 17:24:36.580 [main] LoggerLoad - Closing Workbook
[INFO ] 2025-06-08 17:27:49.695 [main] LoggerLoad - RestAssured Swagger API Execution
[INFO ] 2025-06-08 17:27:49.697 [main] LoggerLoad - Initializing Workbook
[INFO ] 2025-06-08 17:27:49.697 [main] LoggerLoad - Initializing Excel Reader with path: src/test/resources/TestData/API_TestData.xlsx
[INFO ] 2025-06-08 17:27:50.207 [main] LoggerLoad - POST REQUEST: Valid
[INFO ] 2025-06-08 17:27:52.238 [main] LoggerLoad - POST REQUEST: ValidNam
[INFO ] 2025-06-08 17:27:52.590 [main] LoggerLoad - Closing Workbook
[INFO ] 2025-06-08 17:28:38.977 [main] LoggerLoad - RestAssured Swagger API Execution
[INFO ] 2025-06-08 17:28:38.979 [main] LoggerLoad - Initializing Workbook
[INFO ] 2025-06-08 17:28:38.979 [main] LoggerLoad - Initializing Excel Reader with path: src/test/resources/TestData/API_TestData.xlsx
[INFO ] 2025-06-08 17:28:39.481 [main] LoggerLoad - POST REQUEST: Valid
[INFO ] 2025-06-08 17:28:41.184 [main] LoggerLoad - POST REQUEST: ValidNam
[INFO ] 2025-06-08 17:28:41.481 [main] LoggerLoad - Closing Workbook
[INFO ] 2025-06-08 17:29:45.831 [main] LoggerLoad - RestAssured Swagger API Execution
[INFO ] 2025-06-08 17:29:45.833 [main] LoggerLoad - Initializing Workbook
[INFO ] 2025-06-08 17:29:45.833 [main] LoggerLoad - Initializing Excel Reader with path: src/test/resources/TestData/API_TestData.xlsx
[INFO ] 2025-06-08 17:29:46.323 [main] LoggerLoad - POST REQUEST: Valid
[INFO ] 2025-06-08 17:29:47.972 [main] LoggerLoad - POST REQUEST: ValidNam
[INFO ] 2025-06-08 17:29:48.308 [main] LoggerLoad - Closing Workbook
[INFO ] 2025-06-08 17:30:39.584 [main] LoggerLoad - RestAssured Swagger API Execution
[INFO ] 2025-06-08 17:30:39.586 [main] LoggerLoad - Initializing Workbook
[INFO ] 2025-06-08 17:30:39.586 [main] LoggerLoad - Initializing Excel Reader with path: src/test/resources/TestData/API_TestData.xlsx
[INFO ] 2025-06-08 17:30:40.084 [main] LoggerLoad - POST REQUEST: Valid
[INFO ] 2025-06-08 17:30:41.702 [main] LoggerLoad - POST REQUEST: ValidNam
[INFO ] 2025-06-08 17:30:42.024 [main] LoggerLoad - Closing Workbook
[INFO ] 2025-06-08 17:31:54.619 [main] LoggerLoad - RestAssured Swagger API Execution
[INFO ] 2025-06-08 17:31:54.620 [main] LoggerLoad - Initializing Workbook
[INFO ] 2025-06-08 17:31:54.621 [main] LoggerLoad - Initializing Excel Reader with path: src/test/resources/TestData/API_TestData.xlsx
[INFO ] 2025-06-08 17:31:55.129 [main] LoggerLoad - POST REQUEST: Valid
[INFO ] 2025-06-08 17:31:57.330 [main] LoggerLoad - POST REQUEST: ValidNam
[INFO ] 2025-06-08 17:31:57.779 [main] LoggerLoad - Closing Workbook
[INFO ] 2025-06-08 17:39:13.660 [main] LoggerLoad - RestAssured Swagger API Execution
[INFO ] 2025-06-08 17:39:13.662 [main] LoggerLoad - Initializing Workbook
[INFO ] 2025-06-08 17:39:13.662 [main] LoggerLoad - Initializing Excel Reader with path: src/test/resources/TestData/API_TestData.xlsx
[INFO ] 2025-06-08 17:39:14.175 [main] LoggerLoad - POST REQUEST: Valid
[INFO ] 2025-06-08 17:39:16.132 [main] LoggerLoad - POST REQUEST: ValidNam
[INFO ] 2025-06-08 17:39:16.511 [main] LoggerLoad - Closing Workbook
[INFO ] 2025-06-08 17:40:26.954 [main] LoggerLoad - RestAssured Swagger API Execution
[INFO ] 2025-06-08 17:40:26.956 [main] LoggerLoad - Initializing Workbook
[INFO ] 2025-06-08 17:40:26.956 [main] LoggerLoad - Initializing Excel Reader with path: src/test/resources/TestData/API_TestData.xlsx
[INFO ] 2025-06-08 17:40:27.449 [main] LoggerLoad - POST REQUEST: Valid
[INFO ] 2025-06-08 17:40:30.078 [main] LoggerLoad - POST REQUEST: ValidNam
[INFO ] 2025-06-08 17:40:30.419 [main] LoggerLoad - Closing Workbook
[INFO ] 2025-06-08 20:55:27.899 [main] LoggerLoad - RestAssured Swagger API Execution
[INFO ] 2025-06-08 20:55:27.901 [main] LoggerLoad - Initializing Workbook
[INFO ] 2025-06-08 20:55:27.901 [main] LoggerLoad - Initializing Excel Reader with path: src/test/resources/TestData/API_TestData.xlsx
[INFO ] 2025-06-08 20:55:28.401 [main] LoggerLoad - POST REQUEST: Valid
[INFO ] 2025-06-08 20:55:30.445 [main] LoggerLoad - POST REQUEST: ValidNam
[INFO ] 2025-06-08 20:55:30.755 [main] LoggerLoad - Closing Workbook
[INFO ] 2025-06-08 20:56:31.185 [main] LoggerLoad - RestAssured Swagger API Execution
[INFO ] 2025-06-08 20:56:31.187 [main] LoggerLoad - Initializing Workbook
[INFO ] 2025-06-08 20:56:31.187 [main] LoggerLoad - Initializing Excel Reader with path: src/test/resources/TestData/API_TestData.xlsx
[INFO ] 2025-06-08 20:56:31.691 [main] LoggerLoad - POST REQUEST: Valid
[INFO ] 2025-06-08 20:56:33.307 [main] LoggerLoad - POST REQUEST: ValidNam
[INFO ] 2025-06-08 20:56:33.628 [main] LoggerLoad - Closing Workbook
[INFO ] 2025-06-08 20:57:23.643 [main] LoggerLoad - RestAssured Swagger API Execution
[INFO ] 2025-06-08 20:57:23.645 [main] LoggerLoad - Initializing Workbook
[INFO ] 2025-06-08 20:57:23.645 [main] LoggerLoad - Initializing Excel Reader with path: src/test/resources/TestData/API_TestData.xlsx
[INFO ] 2025-06-08 20:57:24.176 [main] LoggerLoad - POST REQUEST: Valid
[INFO ] 2025-06-08 20:57:26.162 [main] LoggerLoad - POST REQUEST: ValidNam
[INFO ] 2025-06-08 20:57:26.526 [main] LoggerLoad - Closing Workbook
[INFO ] 2025-06-08 21:01:16.567 [main] LoggerLoad - RestAssured Swagger API Execution
[INFO ] 2025-06-08 21:01:16.570 [main] LoggerLoad - Initializing Workbook
[INFO ] 2025-06-08 21:01:16.570 [main] LoggerLoad - Initializing Excel Reader with path: src/test/resources/TestData/API_TestData.xlsx
[INFO ] 2025-06-08 21:01:17.192 [main] LoggerLoad - POST REQUEST: Valid
[INFO ] 2025-06-08 21:01:19.446 [main] LoggerLoad - POST REQUEST: ValidNam
[INFO ] 2025-06-08 21:01:19.767 [main] LoggerLoad - Closing Workbook
[INFO ] 2025-06-08 21:07:08.948 [main] LoggerLoad - RestAssured Swagger API Execution
[INFO ] 2025-06-08 21:07:08.949 [main] LoggerLoad - Initializing Workbook
[INFO ] 2025-06-08 21:07:08.949 [main] LoggerLoad - Initializing Excel Reader with path: src/test/resources/TestData/API_TestData.xlsx
[INFO ] 2025-06-08 21:07:09.444 [main] LoggerLoad - POST REQUEST: Valid
[INFO ] 2025-06-08 21:07:11.409 [main] LoggerLoad - POST REQUEST: ValidNam
[INFO ] 2025-06-08 21:07:11.765 [main] LoggerLoad - Closing Workbook
[INFO ] 2025-06-08 21:10:48.296 [main] LoggerLoad - RestAssured Swagger API Execution
[INFO ] 2025-06-08 21:10:48.298 [main] LoggerLoad - Initializing Workbook
[INFO ] 2025-06-08 21:10:48.298 [main] LoggerLoad - Initializing Excel Reader with path: src/test/resources/TestData/API_TestData.xlsx
[INFO ] 2025-06-08 21:10:48.789 [main] LoggerLoad - POST REQUEST: Valid
[INFO ] 2025-06-08 21:10:50.808 [main] LoggerLoad - POST REQUEST: ValidNam
[INFO ] 2025-06-08 21:10:51.140 [main] LoggerLoad - Closing Workbook
[INFO ] 2025-06-08 21:26:45.411 [main] LoggerLoad - RestAssured Swagger API Execution
[INFO ] 2025-06-08 21:26:45.413 [main] LoggerLoad - Initializing Workbook
[INFO ] 2025-06-08 21:26:45.413 [main] LoggerLoad - Initializing Excel Reader with path: src/test/resources/TestData/API_TestData.xlsx
[INFO ] 2025-06-08 21:26:45.913 [main] LoggerLoad - POST REQUEST: Valid
[INFO ] 2025-06-08 21:26:47.900 [main] LoggerLoad - POST REQUEST: ValidNam
[INFO ] 2025-06-08 21:26:48.407 [main] LoggerLoad - Closing Workbook
[INFO ] 2025-06-08 21:28:17.934 [main] LoggerLoad - RestAssured Swagger API Execution
[INFO ] 2025-06-08 21:28:17.936 [main] LoggerLoad - Initializing Workbook
[INFO ] 2025-06-08 21:28:17.936 [main] LoggerLoad - Initializing Excel Reader with path: src/test/resources/TestData/API_TestData.xlsx
[INFO ] 2025-06-08 21:28:18.445 [main] LoggerLoad - POST REQUEST: Valid
[INFO ] 2025-06-08 21:28:20.274 [main] LoggerLoad - POST REQUEST: ValidNam
[INFO ] 2025-06-08 21:28:20.815 [main] LoggerLoad - Closing Workbook
[INFO ] 2025-06-08 21:30:13.993 [main] LoggerLoad - RestAssured Swagger API Execution
[INFO ] 2025-06-08 21:30:13.994 [main] LoggerLoad - Initializing Workbook
[INFO ] 2025-06-08 21:30:13.994 [main] LoggerLoad - Initializing Excel Reader with path: src/test/resources/TestData/API_TestData.xlsx
[INFO ] 2025-06-08 21:30:14.506 [main] LoggerLoad - POST REQUEST: Valid
[INFO ] 2025-06-08 21:30:16.436 [main] LoggerLoad - POST REQUEST: ValidNam
[INFO ] 2025-06-08 21:30:16.980 [main] LoggerLoad - Closing Workbook
[INFO ] 2025-06-08 21:42:55.245 [main] LoggerLoad - RestAssured Swagger API Execution
[INFO ] 2025-06-08 21:42:55.247 [main] LoggerLoad - Initializing Workbook
[INFO ] 2025-06-08 21:42:55.247 [main] LoggerLoad - Initializing Excel Reader with path: src/test/resources/TestData/API_TestData.xlsx
[INFO ] 2025-06-08 21:42:55.764 [main] LoggerLoad - POST REQUEST: Valid
[INFO ] 2025-06-08 21:42:57.599 [main] LoggerLoad - POST REQUEST: ValidNam
[INFO ] 2025-06-08 21:42:58.168 [main] LoggerLoad - Closing Workbook
[INFO ] 2025-06-08 21:45:07.387 [main] LoggerLoad - RestAssured Swagger API Execution
[INFO ] 2025-06-08 21:45:07.390 [main] LoggerLoad - Initializing Workbook
[INFO ] 2025-06-08 21:45:07.390 [main] LoggerLoad - Initializing Excel Reader with path: src/test/resources/TestData/API_TestData.xlsx
[INFO ] 2025-06-08 21:45:07.895 [main] LoggerLoad - POST REQUEST: Valid
[INFO ] 2025-06-08 21:45:09.700 [main] LoggerLoad - POST REQUEST: ValidNam
[INFO ] 2025-06-08 21:45:10.361 [main] LoggerLoad - Closing Workbook
[INFO ] 2025-06-08 21:45:56.708 [main] LoggerLoad - RestAssured Swagger API Execution
[INFO ] 2025-06-08 21:45:56.710 [main] LoggerLoad - Initializing Workbook
[INFO ] 2025-06-08 21:45:56.710 [main] LoggerLoad - Initializing Excel Reader with path: src/test/resources/TestData/API_TestData.xlsx
[INFO ] 2025-06-08 21:45:57.221 [main] LoggerLoad - POST REQUEST: Valid
[INFO ] 2025-06-08 21:45:58.979 [main] LoggerLoad - POST REQUEST: ValidNam
[INFO ] 2025-06-08 21:45:59.559 [main] LoggerLoad - Closing Workbook
[INFO ] 2025-06-08 21:47:45.105 [main] LoggerLoad - RestAssured Swagger API Execution
[INFO ] 2025-06-08 21:47:45.107 [main] LoggerLoad - Initializing Workbook
[INFO ] 2025-06-08 21:47:45.107 [main] LoggerLoad - Initializing Excel Reader with path: src/test/resources/TestData/API_TestData.xlsx
[INFO ] 2025-06-08 21:47:45.607 [main] LoggerLoad - POST REQUEST: Valid
[INFO ] 2025-06-08 21:47:47.689 [main] LoggerLoad - POST REQUEST: ValidNam
[INFO ] 2025-06-08 21:47:48.024 [main] LoggerLoad - Closing Workbook
[INFO ] 2025-06-08 21:50:50.078 [main] LoggerLoad - RestAssured Swagger API Execution
[INFO ] 2025-06-08 21:50:50.080 [main] LoggerLoad - Initializing Workbook
[INFO ] 2025-06-08 21:50:50.080 [main] LoggerLoad - Initializing Excel Reader with path: src/test/resources/TestData/API_TestData.xlsx
[INFO ] 2025-06-08 21:50:50.578 [main] LoggerLoad - POST REQUEST: Valid
[INFO ] 2025-06-08 21:50:52.744 [main] LoggerLoad - POST REQUEST: ValidNam
[INFO ] 2025-06-08 21:50:53.116 [main] LoggerLoad - Closing Workbook
[INFO ] 2025-06-08 21:56:51.823 [main] LoggerLoad - RestAssured Swagger API Execution
[INFO ] 2025-06-08 21:56:51.825 [main] LoggerLoad - Initializing Workbook
[INFO ] 2025-06-08 21:56:51.825 [main] LoggerLoad - Initializing Excel Reader with path: src/test/resources/TestData/API_TestData.xlsx
[INFO ] 2025-06-08 21:56:52.434 [main] LoggerLoad - POST REQUEST: Valid
[INFO ] 2025-06-08 21:56:54.498 [main] LoggerLoad - POST REQUEST: ValidNam
[INFO ] 2025-06-08 21:56:54.829 [main] LoggerLoad - Closing Workbook
[INFO ] 2025-06-08 21:57:30.534 [main] LoggerLoad - RestAssured Swagger API Execution
[INFO ] 2025-06-08 21:57:30.535 [main] LoggerLoad - Initializing Workbook
[INFO ] 2025-06-08 21:57:30.536 [main] LoggerLoad - Initializing Excel Reader with path: src/test/resources/TestData/API_TestData.xlsx
[INFO ] 2025-06-08 21:57:31.044 [main] LoggerLoad - POST REQUEST: Valid
[INFO ] 2025-06-08 21:57:32.936 [main] LoggerLoad - POST REQUEST: ValidNam
[INFO ] 2025-06-08 21:57:33.553 [main] LoggerLoad - Closing Workbook
[INFO ] 2025-06-08 22:02:33.739 [main] LoggerLoad - RestAssured Swagger API Execution
[INFO ] 2025-06-08 22:02:33.741 [main] LoggerLoad - Initializing Workbook
[INFO ] 2025-06-08 22:02:33.741 [main] LoggerLoad - Initializing Excel Reader with path: src/test/resources/TestData/API_TestData.xlsx
[INFO ] 2025-06-08 22:02:34.231 [main] LoggerLoad - POST REQUEST: Valid
[INFO ] 2025-06-08 22:02:36.070 [main] LoggerLoad - POST REQUEST: ValidNam
[INFO ] 2025-06-08 22:02:36.680 [main] LoggerLoad - Closing Workbook
[INFO ] 2025-06-08 22:04:10.431 [main] LoggerLoad - RestAssured Swagger API Execution
[INFO ] 2025-06-08 22:04:10.434 [main] LoggerLoad - Initializing Workbook
[INFO ] 2025-06-08 22:04:10.434 [main] LoggerLoad - Initializing Excel Reader with path: src/test/resources/TestData/API_TestData.xlsx
[INFO ] 2025-06-08 22:04:11.040 [main] LoggerLoad - POST REQUEST: Valid
[INFO ] 2025-06-08 22:04:12.885 [main] LoggerLoad - POST REQUEST: ValidNam
[INFO ] 2025-06-08 22:04:13.433 [main] LoggerLoad - Closing Workbook
[INFO ] 2025-06-08 22:06:40.390 [main] LoggerLoad - RestAssured Swagger API Execution
[INFO ] 2025-06-08 22:06:40.393 [main] LoggerLoad - Initializing Workbook
[INFO ] 2025-06-08 22:06:40.393 [main] LoggerLoad - Initializing Excel Reader with path: src/test/resources/TestData/API_TestData.xlsx
[INFO ] 2025-06-08 22:06:40.998 [main] LoggerLoad - POST REQUEST: Valid
[INFO ] 2025-06-08 22:06:42.908 [main] LoggerLoad - POST REQUEST: ValidNam
[INFO ] 2025-06-08 22:06:43.239 [main] LoggerLoad - Closing Workbook
[INFO ] 2025-06-08 22:13:52.651 [main] LoggerLoad - RestAssured Swagger API Execution
[INFO ] 2025-06-08 22:13:52.653 [main] LoggerLoad - Initializing Workbook
[INFO ] 2025-06-08 22:13:52.653 [main] LoggerLoad - Initializing Excel Reader with path: src/test/resources/TestData/API_TestData.xlsx
[INFO ] 2025-06-08 22:13:53.207 [main] LoggerLoad - POST REQUEST: Valid
[INFO ] 2025-06-08 22:13:55.088 [main] LoggerLoad - POST REQUEST: ValidNam
[INFO ] 2025-06-08 22:13:55.448 [main] LoggerLoad - Closing Workbook
[INFO ] 2025-06-08 22:14:39.194 [main] LoggerLoad - RestAssured Swagger API Execution
[INFO ] 2025-06-08 22:14:39.196 [main] LoggerLoad - Initializing Workbook
[INFO ] 2025-06-08 22:14:39.197 [main] LoggerLoad - Initializing Excel Reader with path: src/test/resources/TestData/API_TestData.xlsx
[INFO ] 2025-06-08 22:14:39.712 [main] LoggerLoad - POST REQUEST: Valid
[INFO ] 2025-06-08 22:14:41.544 [main] LoggerLoad - POST REQUEST: ValidNam
[INFO ] 2025-06-08 22:14:41.828 [main] LoggerLoad - Closing Workbook
[INFO ] 2025-06-08 22:16:45.899 [main] LoggerLoad - RestAssured Swagger API Execution
[INFO ] 2025-06-08 22:16:45.901 [main] LoggerLoad - Initializing Workbook
[INFO ] 2025-06-08 22:16:45.901 [main] LoggerLoad - Initializing Excel Reader with path: src/test/resources/TestData/API_TestData.xlsx
[INFO ] 2025-06-08 22:16:46.411 [main] LoggerLoad - POST REQUEST: Valid
[INFO ] 2025-06-08 22:16:47.889 [main] LoggerLoad - POST REQUEST: ValidNam
[INFO ] 2025-06-08 22:16:48.186 [main] LoggerLoad - Closing Workbook
[INFO ] 2025-06-08 22:17:19.016 [main] LoggerLoad - RestAssured Swagger API Execution
[INFO ] 2025-06-08 22:17:19.019 [main] LoggerLoad - Initializing Workbook
[INFO ] 2025-06-08 22:17:19.019 [main] LoggerLoad - Initializing Excel Reader with path: src/test/resources/TestData/API_TestData.xlsx
[INFO ] 2025-06-08 22:17:19.534 [main] LoggerLoad - POST REQUEST: Valid
[INFO ] 2025-06-08 22:17:21.402 [main] LoggerLoad - POST REQUEST: ValidNam
[INFO ] 2025-06-08 22:17:21.756 [main] LoggerLoad - Closing Workbook
[INFO ] 2025-06-08 22:18:55.420 [main] LoggerLoad - RestAssured Swagger API Execution
[INFO ] 2025-06-08 22:18:55.421 [main] LoggerLoad - Initializing Workbook
[INFO ] 2025-06-08 22:18:55.421 [main] LoggerLoad - Initializing Excel Reader with path: src/test/resources/TestData/API_TestData.xlsx
[INFO ] 2025-06-08 22:18:55.935 [main] LoggerLoad - POST REQUEST: Valid
[INFO ] 2025-06-08 22:18:57.512 [main] LoggerLoad - POST REQUEST: ValidNam
[INFO ] 2025-06-08 22:18:57.818 [main] LoggerLoad - Closing Workbook
[INFO ] 2025-06-08 22:20:03.805 [main] LoggerLoad - RestAssured Swagger API Execution
[INFO ] 2025-06-08 22:20:03.808 [main] LoggerLoad - Initializing Workbook
[INFO ] 2025-06-08 22:20:03.808 [main] LoggerLoad - Initializing Excel Reader with path: src/test/resources/TestData/API_TestData.xlsx
[INFO ] 2025-06-08 22:20:04.305 [main] LoggerLoad - POST REQUEST: Valid
[INFO ] 2025-06-08 22:20:05.774 [main] LoggerLoad - POST REQUEST: ValidNam
[INFO ] 2025-06-08 22:20:06.046 [main] LoggerLoad - Closing Workbook
[INFO ] 2025-06-08 22:20:35.018 [main] LoggerLoad - RestAssured Swagger API Execution
[INFO ] 2025-06-08 22:20:35.020 [main] LoggerLoad - Initializing Workbook
[INFO ] 2025-06-08 22:20:35.020 [main] LoggerLoad - Initializing Excel Reader with path: src/test/resources/TestData/API_TestData.xlsx
[INFO ] 2025-06-08 22:20:35.536 [main] LoggerLoad - POST REQUEST: Valid
[INFO ] 2025-06-08 22:20:36.993 [main] LoggerLoad - POST REQUEST: ValidNam
[INFO ] 2025-06-08 22:20:37.295 [main] LoggerLoad - Closing Workbook
[INFO ] 2025-06-08 22:21:05.445 [main] LoggerLoad - RestAssured Swagger API Execution
[INFO ] 2025-06-08 22:21:05.447 [main] LoggerLoad - Initializing Workbook
[INFO ] 2025-06-08 22:21:05.447 [main] LoggerLoad - Initializing Excel Reader with path: src/test/resources/TestData/API_TestData.xlsx
[INFO ] 2025-06-08 22:21:05.946 [main] LoggerLoad - POST REQUEST: Valid
[INFO ] 2025-06-08 22:21:07.449 [main] LoggerLoad - POST REQUEST: ValidNam
[INFO ] 2025-06-08 22:21:07.773 [main] LoggerLoad - Closing Workbook
[INFO ] 2025-06-08 22:22:00.304 [main] LoggerLoad - RestAssured Swagger API Execution
[INFO ] 2025-06-08 22:22:00.306 [main] LoggerLoad - Initializing Workbook
[INFO ] 2025-06-08 22:22:00.306 [main] LoggerLoad - Initializing Excel Reader with path: src/test/resources/TestData/API_TestData.xlsx
[INFO ] 2025-06-08 22:22:00.816 [main] LoggerLoad - POST REQUEST: Valid
[INFO ] 2025-06-08 22:22:02.274 [main] LoggerLoad - POST REQUEST: ValidNam
[INFO ] 2025-06-08 22:22:02.614 [main] LoggerLoad - Closing Workbook
[INFO ] 2025-06-08 22:23:01.758 [main] LoggerLoad - RestAssured Swagger API Execution
[INFO ] 2025-06-08 22:23:01.760 [main] LoggerLoad - Initializing Workbook
[INFO ] 2025-06-08 22:23:01.760 [main] LoggerLoad - Initializing Excel Reader with path: src/test/resources/TestData/API_TestData.xlsx
[INFO ] 2025-06-08 22:23:02.286 [main] LoggerLoad - POST REQUEST: Valid
[INFO ] 2025-06-08 22:23:03.742 [main] LoggerLoad - POST REQUEST: ValidNam
[INFO ] 2025-06-08 22:23:04.205 [main] LoggerLoad - Closing Workbook
[INFO ] 2025-06-08 22:24:23.024 [main] LoggerLoad - RestAssured Swagger API Execution
[INFO ] 2025-06-08 22:24:23.025 [main] LoggerLoad - Initializing Workbook
[INFO ] 2025-06-08 22:24:23.025 [main] LoggerLoad - Initializing Excel Reader with path: src/test/resources/TestData/API_TestData.xlsx
[INFO ] 2025-06-08 22:24:23.525 [main] LoggerLoad - POST REQUEST: Valid
[INFO ] 2025-06-08 22:24:24.969 [main] LoggerLoad - POST REQUEST: ValidNam
[INFO ] 2025-06-08 22:24:25.301 [main] LoggerLoad - Closing Workbook
[INFO ] 2025-06-08 22:26:06.493 [main] LoggerLoad - RestAssured Swagger API Execution
[INFO ] 2025-06-08 22:26:06.496 [main] LoggerLoad - Initializing Workbook
[INFO ] 2025-06-08 22:26:06.496 [main] LoggerLoad - Initializing Excel Reader with path: src/test/resources/TestData/API_TestData.xlsx
[INFO ] 2025-06-08 22:26:06.996 [main] LoggerLoad - POST REQUEST: Valid
[INFO ] 2025-06-08 22:26:08.391 [main] LoggerLoad - POST REQUEST: ValidNam
[INFO ] 2025-06-08 22:26:08.724 [main] LoggerLoad - Closing Workbook
[INFO ] 2025-06-08 22:28:18.747 [main] LoggerLoad - RestAssured Swagger API Execution
[INFO ] 2025-06-08 22:28:18.749 [main] LoggerLoad - Initializing Workbook
[INFO ] 2025-06-08 22:28:18.749 [main] LoggerLoad - Initializing Excel Reader with path: src/test/resources/TestData/API_TestData.xlsx
[INFO ] 2025-06-08 22:28:19.258 [main] LoggerLoad - POST REQUEST: Valid
[INFO ] 2025-06-08 22:28:21.201 [main] LoggerLoad - POST REQUEST: ValidNam
[INFO ] 2025-06-08 22:28:21.529 [main] LoggerLoad - Closing Workbook
[INFO ] 2025-06-08 22:29:19.926 [main] LoggerLoad - RestAssured Swagger API Execution
[INFO ] 2025-06-08 22:29:19.928 [main] LoggerLoad - Initializing Workbook
[INFO ] 2025-06-08 22:29:19.928 [main] LoggerLoad - Initializing Excel Reader with path: src/test/resources/TestData/API_TestData.xlsx
[INFO ] 2025-06-08 22:29:20.424 [main] LoggerLoad - POST REQUEST: Valid
[INFO ] 2025-06-08 22:29:22.330 [main] LoggerLoad - POST REQUEST: ValidNam
[INFO ] 2025-06-08 22:29:22.632 [main] LoggerLoad - Closing Workbook
[INFO ] 2025-06-08 22:30:58.595 [main] LoggerLoad - RestAssured Swagger API Execution
[INFO ] 2025-06-08 22:30:58.597 [main] LoggerLoad - Initializing Workbook
[INFO ] 2025-06-08 22:30:58.597 [main] LoggerLoad - Initializing Excel Reader with path: src/test/resources/TestData/API_TestData.xlsx
[INFO ] 2025-06-08 22:30:59.089 [main] LoggerLoad - POST REQUEST: Valid
[INFO ] 2025-06-08 22:31:00.980 [main] LoggerLoad - POST REQUEST: ValidNam
[INFO ] 2025-06-08 22:31:01.319 [main] LoggerLoad - Closing Workbook
[INFO ] 2025-06-08 22:32:59.327 [main] LoggerLoad - RestAssured Swagger API Execution
[INFO ] 2025-06-08 22:32:59.330 [main] LoggerLoad - Initializing Workbook
[INFO ] 2025-06-08 22:32:59.330 [main] LoggerLoad - Initializing Excel Reader with path: src/test/resources/TestData/API_TestData.xlsx
[INFO ] 2025-06-08 22:32:59.829 [main] LoggerLoad - POST REQUEST: Valid
[INFO ] 2025-06-08 22:33:01.867 [main] LoggerLoad - POST REQUEST: ValidNam
[INFO ] 2025-06-08 22:33:02.254 [main] LoggerLoad - Closing Workbook
[INFO ] 2025-06-08 22:34:16.898 [main] LoggerLoad - RestAssured Swagger API Execution
[INFO ] 2025-06-08 22:34:16.902 [main] LoggerLoad - Initializing Workbook
[INFO ] 2025-06-08 22:34:16.902 [main] LoggerLoad - Initializing Excel Reader with path: src/test/resources/TestData/API_TestData.xlsx
[INFO ] 2025-06-08 22:34:17.448 [main] LoggerLoad - POST REQUEST: Valid
[INFO ] 2025-06-08 22:34:19.484 [main] LoggerLoad - POST REQUEST: ValidNam
[INFO ] 2025-06-08 22:34:19.925 [main] LoggerLoad - Closing Workbook
[INFO ] 2025-06-08 22:35:01.382 [main] LoggerLoad - RestAssured Swagger API Execution
[INFO ] 2025-06-08 22:35:01.383 [main] LoggerLoad - Initializing Workbook
[INFO ] 2025-06-08 22:35:01.383 [main] LoggerLoad - Initializing Excel Reader with path: src/test/resources/TestData/API_TestData.xlsx
[INFO ] 2025-06-08 22:35:01.903 [main] LoggerLoad - POST REQUEST: Valid
[INFO ] 2025-06-08 22:35:03.858 [main] LoggerLoad - POST REQUEST: ValidNam
[INFO ] 2025-06-08 22:35:04.221 [main] LoggerLoad - Closing Workbook
[INFO ] 2025-06-08 22:35:29.529 [main] LoggerLoad - RestAssured Swagger API Execution
[INFO ] 2025-06-08 22:35:29.532 [main] LoggerLoad - Initializing Workbook
[INFO ] 2025-06-08 22:35:29.532 [main] LoggerLoad - Initializing Excel Reader with path: src/test/resources/TestData/API_TestData.xlsx
[INFO ] 2025-06-08 22:35:30.134 [main] LoggerLoad - POST REQUEST: Valid
[INFO ] 2025-06-08 22:35:32.125 [main] LoggerLoad - POST REQUEST: ValidNam
[INFO ] 2025-06-08 22:35:32.582 [main] LoggerLoad - Closing Workbook
[INFO ] 2025-06-08 22:36:06.328 [main] LoggerLoad - RestAssured Swagger API Execution
[INFO ] 2025-06-08 22:36:06.331 [main] LoggerLoad - Initializing Workbook
[INFO ] 2025-06-08 22:36:06.331 [main] LoggerLoad - Initializing Excel Reader with path: src/test/resources/TestData/API_TestData.xlsx
[INFO ] 2025-06-08 22:36:06.962 [main] LoggerLoad - POST REQUEST: Valid
[INFO ] 2025-06-08 22:36:08.987 [main] LoggerLoad - POST REQUEST: ValidNam
[INFO ] 2025-06-08 22:36:09.284 [main] LoggerLoad - Closing Workbook
[INFO ] 2025-06-08 22:37:31.816 [main] LoggerLoad - RestAssured Swagger API Execution
[INFO ] 2025-06-08 22:37:31.818 [main] LoggerLoad - Initializing Workbook
[INFO ] 2025-06-08 22:37:31.818 [main] LoggerLoad - Initializing Excel Reader with path: src/test/resources/TestData/API_TestData.xlsx
[INFO ] 2025-06-08 22:37:32.427 [main] LoggerLoad - POST REQUEST: Valid
[INFO ] 2025-06-08 22:37:34.398 [main] LoggerLoad - POST REQUEST: ValidNam
[INFO ] 2025-06-08 22:37:34.692 [main] LoggerLoad - Closing Workbook
[INFO ] 2025-06-08 22:38:28.851 [main] LoggerLoad - RestAssured Swagger API Execution
[INFO ] 2025-06-08 22:38:28.853 [main] LoggerLoad - Initializing Workbook
[INFO ] 2025-06-08 22:38:28.854 [main] LoggerLoad - Initializing Excel Reader with path: src/test/resources/TestData/API_TestData.xlsx
[INFO ] 2025-06-08 22:38:29.480 [main] LoggerLoad - POST REQUEST: Valid
[INFO ] 2025-06-08 22:38:31.533 [main] LoggerLoad - POST REQUEST: ValidNam
[INFO ] 2025-06-08 22:38:31.849 [main] LoggerLoad - Closing Workbook
[INFO ] 2025-06-09 16:24:43.900 [main] LoggerLoad - RestAssured Swagger API Execution
[INFO ] 2025-06-09 16:24:43.903 [main] LoggerLoad - Initializing Workbook
[INFO ] 2025-06-09 16:24:43.903 [main] LoggerLoad - Initializing Excel Reader with path: src/test/resources/TestData/API_TestData.xlsx
[INFO ] 2025-06-09 16:24:44.467 [main] LoggerLoad - GET REQUEST: EmptyUsr
[INFO ] 2025-06-09 16:24:46.113 [main] LoggerLoad - GET REQUEST: EmptyPswd
[INFO ] 2025-06-09 16:24:46.316 [main] LoggerLoad - GET REQUEST: NoAuth
[INFO ] 2025-06-09 16:24:46.542 [main] LoggerLoad - GET REQUEST: IncorrectEndPoint
[INFO ] 2025-06-09 16:24:46.814 [main] LoggerLoad - GET REQUEST: IncorrectBaseURL
[INFO ] 2025-06-09 16:24:47.507 [main] LoggerLoad - GET REQUEST: Valid
[INFO ] 2025-06-09 16:24:49.494 [main] LoggerLoad - GET REQUEST: NonExistingUser
[INFO ] 2025-06-09 16:24:49.494 [main] LoggerLoad - GET REQUEST SKIPPED manually: NonExistingUser
[INFO ] 2025-06-09 16:24:49.505 [main] LoggerLoad - POST REQUEST: Valid
[INFO ] 2025-06-09 16:24:49.816 [main] LoggerLoad - POST REQUEST: ValidNam
[INFO ] 2025-06-09 16:24:50.023 [main] LoggerLoad - POST REQUEST: EmptyUsr
[INFO ] 2025-06-09 16:24:50.234 [main] LoggerLoad - POST REQUEST: EmptyPswd
[INFO ] 2025-06-09 16:24:50.460 [main] LoggerLoad - POST REQUEST: NoAuth
[INFO ] 2025-06-09 16:24:50.648 [main] LoggerLoad - POST REQUEST: IncorrectEndPoint
[INFO ] 2025-06-09 16:24:50.898 [main] LoggerLoad - POST REQUEST: IncorrectBaseURL
[INFO ] 2025-06-09 16:24:50.987 [main] LoggerLoad - POST REQUEST: ExistingUser
[INFO ] 2025-06-09 16:24:51.191 [main] LoggerLoad - POST REQUEST: NumericFirstname
[INFO ] 2025-06-09 16:24:51.428 [main] LoggerLoad - POST REQUEST: CharFirstName
[INFO ] 2025-06-09 16:24:51.665 [main] LoggerLoad - POST REQUEST: EmptyFirstName
[INFO ] 2025-06-09 16:24:51.895 [main] LoggerLoad - POST REQUEST: NumericLastname
[INFO ] 2025-06-09 16:24:52.118 [main] LoggerLoad - POST REQUEST: CharLastName
[INFO ] 2025-06-09 16:24:52.347 [main] LoggerLoad - POST REQUEST: EmptyLastName
[INFO ] 2025-06-09 16:24:52.548 [main] LoggerLoad - POST REQUEST: EmailEmpty
[INFO ] 2025-06-09 16:24:52.736 [main] LoggerLoad - POST REQUEST: InvalidEmailFormat
[INFO ] 2025-06-09 16:24:52.924 [main] LoggerLoad - POST REQUEST: PhoneGrt10Digit
[INFO ] 2025-06-09 16:24:53.111 [main] LoggerLoad - POST REQUEST: PhoneLess10Digit
[INFO ] 2025-06-09 16:24:53.393 [main] LoggerLoad - Closing Workbook
[INFO ] 2025-06-09 16:34:22.567 [main] LoggerLoad - RestAssured Swagger API Execution
[INFO ] 2025-06-09 16:34:22.568 [main] LoggerLoad - Initializing Workbook
[INFO ] 2025-06-09 16:34:22.569 [main] LoggerLoad - Initializing Excel Reader with path: src/test/resources/TestData/API_TestData.xlsx
[INFO ] 2025-06-09 16:34:23.089 [main] LoggerLoad - GET REQUEST: EmptyUsr
[INFO ] 2025-06-09 16:34:24.613 [main] LoggerLoad - GET REQUEST: EmptyPswd
[INFO ] 2025-06-09 16:34:24.820 [main] LoggerLoad - GET REQUEST: NoAuth
[INFO ] 2025-06-09 16:34:25.010 [main] LoggerLoad - GET REQUEST: IncorrectEndPoint
[INFO ] 2025-06-09 16:34:25.271 [main] LoggerLoad - GET REQUEST: IncorrectBaseURL
[INFO ] 2025-06-09 16:34:25.926 [main] LoggerLoad - GET REQUEST: Valid
[INFO ] 2025-06-09 16:34:27.693 [main] LoggerLoad - GET REQUEST: NonExistingUser
[INFO ] 2025-06-09 16:34:27.693 [main] LoggerLoad - GET REQUEST SKIPPED manually: NonExistingUser
[INFO ] 2025-06-09 16:34:27.706 [main] LoggerLoad - POST REQUEST: Valid
[INFO ] 2025-06-09 16:34:28.501 [main] LoggerLoad - POST REQUEST: ValidNam
[INFO ] 2025-06-09 16:34:29.097 [main] LoggerLoad - POST REQUEST: EmptyUsr
[INFO ] 2025-06-09 16:34:29.622 [main] LoggerLoad - POST REQUEST: EmptyPswd
[INFO ] 2025-06-09 16:34:29.949 [main] LoggerLoad - POST REQUEST: NoAuth
[INFO ] 2025-06-09 16:34:30.247 [main] LoggerLoad - POST REQUEST: IncorrectEndPoint
[INFO ] 2025-06-09 16:34:31.184 [main] LoggerLoad - POST REQUEST: IncorrectBaseURL
[INFO ] 2025-06-09 16:34:31.758 [main] LoggerLoad - POST REQUEST: ExistingUser
[INFO ] 2025-06-09 16:34:31.986 [main] LoggerLoad - POST REQUEST: NumericFirstname
[INFO ] 2025-06-09 16:34:32.216 [main] LoggerLoad - POST REQUEST: CharFirstName
[INFO ] 2025-06-09 16:34:32.434 [main] LoggerLoad - POST REQUEST: EmptyFirstName
[INFO ] 2025-06-09 16:34:32.611 [main] LoggerLoad - POST REQUEST: NumericLastname
[INFO ] 2025-06-09 16:34:32.804 [main] LoggerLoad - POST REQUEST: CharLastName
[INFO ] 2025-06-09 16:34:33.001 [main] LoggerLoad - POST REQUEST: EmptyLastName
[INFO ] 2025-06-09 16:34:33.204 [main] LoggerLoad - POST REQUEST: EmailEmpty
[INFO ] 2025-06-09 16:34:33.396 [main] LoggerLoad - POST REQUEST: InvalidEmailFormat
[INFO ] 2025-06-09 16:34:33.593 [main] LoggerLoad - POST REQUEST: PhoneGrt10Digit
[INFO ] 2025-06-09 16:34:33.786 [main] LoggerLoad - POST REQUEST: PhoneLess10Digit
[INFO ] 2025-06-09 16:34:33.981 [main] LoggerLoad - GET REQUEST By ID: EmptyUsr
[INFO ] 2025-06-09 16:34:34.167 [main] LoggerLoad - GET REQUEST By ID: EmptyPswd
[INFO ] 2025-06-09 16:34:34.351 [main] LoggerLoad - GET REQUEST By ID: NoAuth
[INFO ] 2025-06-09 16:34:34.533 [main] LoggerLoad - GET REQUEST By ID: IncorrectEndPoint
[INFO ] 2025-06-09 16:34:34.731 [main] LoggerLoad - GET REQUEST By ID: IncorrectBaseURL
[INFO ] 2025-06-09 16:34:35.224 [main] LoggerLoad - GET REQUEST By ID: Valid
[INFO ] 2025-06-09 16:34:35.419 [main] LoggerLoad - GET REQUEST By ID: NonExistingUser
[INFO ] 2025-06-09 16:34:35.845 [main] LoggerLoad - Closing Workbook
[INFO ] 2025-06-09 16:39:02.542 [main] LoggerLoad - RestAssured Swagger API Execution
[INFO ] 2025-06-09 16:39:02.544 [main] LoggerLoad - Initializing Workbook
[INFO ] 2025-06-09 16:39:02.544 [main] LoggerLoad - Initializing Excel Reader with path: src/test/resources/TestData/API_TestData.xlsx
[INFO ] 2025-06-09 16:39:03.071 [main] LoggerLoad - POST REQUEST: Valid
[INFO ] 2025-06-09 16:39:05.046 [main] LoggerLoad - GET REQUEST By ID: EmptyUsr
[INFO ] 2025-06-09 16:39:05.323 [main] LoggerLoad - GET REQUEST By ID: EmptyPswd
[INFO ] 2025-06-09 16:39:05.669 [main] LoggerLoad - GET REQUEST By ID: NoAuth
[INFO ] 2025-06-09 16:39:06.054 [main] LoggerLoad - GET REQUEST By ID: IncorrectEndPoint
[INFO ] 2025-06-09 16:39:06.297 [main] LoggerLoad - GET REQUEST By ID: IncorrectBaseURL
[INFO ] 2025-06-09 16:39:06.428 [main] LoggerLoad - GET REQUEST By ID: Valid
[INFO ] 2025-06-09 16:39:06.628 [main] LoggerLoad - GET REQUEST By ID: NonExistingUser
[INFO ] 2025-06-09 16:39:06.879 [main] LoggerLoad - Closing Workbook
[INFO ] 2025-06-09 16:42:04.006 [main] LoggerLoad - RestAssured Swagger API Execution
[INFO ] 2025-06-09 16:42:04.008 [main] LoggerLoad - Initializing Workbook
[INFO ] 2025-06-09 16:42:04.008 [main] LoggerLoad - Initializing Excel Reader with path: src/test/resources/TestData/API_TestData.xlsx
[INFO ] 2025-06-09 16:42:04.493 [main] LoggerLoad - POST REQUEST: Valid
[INFO ] 2025-06-09 16:42:06.447 [main] LoggerLoad - GET REQUEST By ID: EmptyUsr
[INFO ] 2025-06-09 16:42:06.451 [main] LoggerLoad - GET REQUEST By ID: EmptyPswd
[INFO ] 2025-06-09 16:42:06.455 [main] LoggerLoad - GET REQUEST By ID: NoAuth
[INFO ] 2025-06-09 16:42:06.458 [main] LoggerLoad - GET REQUEST By ID: IncorrectEndPoint
[INFO ] 2025-06-09 16:42:06.463 [main] LoggerLoad - GET REQUEST By ID: IncorrectBaseURL
[INFO ] 2025-06-09 16:42:06.466 [main] LoggerLoad - GET REQUEST By ID: Valid
[INFO ] 2025-06-09 16:42:06.685 [main] LoggerLoad - GET REQUEST By ID: NonExistingUser
[INFO ] 2025-06-09 16:42:06.758 [main] LoggerLoad - Closing Workbook
[INFO ] 2025-06-09 16:45:03.957 [main] LoggerLoad - RestAssured Swagger API Execution
[INFO ] 2025-06-09 16:45:03.959 [main] LoggerLoad - Initializing Workbook
[INFO ] 2025-06-09 16:45:03.959 [main] LoggerLoad - Initializing Excel Reader with path: src/test/resources/TestData/API_TestData.xlsx
[INFO ] 2025-06-09 16:45:04.428 [main] LoggerLoad - POST REQUEST: Valid
[INFO ] 2025-06-09 16:45:06.329 [main] LoggerLoad - GET REQUEST By ID: EmptyUsr
[INFO ] 2025-06-09 16:45:06.334 [main] LoggerLoad - GET REQUEST By ID: EmptyPswd
[INFO ] 2025-06-09 16:45:06.338 [main] LoggerLoad - GET REQUEST By ID: NoAuth
[INFO ] 2025-06-09 16:45:06.343 [main] LoggerLoad - GET REQUEST By ID: IncorrectEndPoint
[INFO ] 2025-06-09 16:45:06.347 [main] LoggerLoad - GET REQUEST By ID: IncorrectBaseURL
[INFO ] 2025-06-09 16:45:06.351 [main] LoggerLoad - GET REQUEST By ID: Valid
[INFO ] 2025-06-09 16:45:06.613 [main] LoggerLoad - GET REQUEST By ID: NonExistingUser
[INFO ] 2025-06-09 16:45:06.683 [main] LoggerLoad - Closing Workbook
[INFO ] 2025-06-09 16:47:15.736 [main] LoggerLoad - RestAssured Swagger API Execution
[INFO ] 2025-06-09 16:47:15.737 [main] LoggerLoad - Initializing Workbook
[INFO ] 2025-06-09 16:47:15.738 [main] LoggerLoad - Initializing Excel Reader with path: src/test/resources/TestData/API_TestData.xlsx
[INFO ] 2025-06-09 16:47:16.200 [main] LoggerLoad - POST REQUEST: Valid
[INFO ] 2025-06-09 16:47:18.152 [main] LoggerLoad - GET REQUEST By ID: EmptyUsr
[INFO ] 2025-06-09 16:47:18.157 [main] LoggerLoad - GET REQUEST By ID: EmptyPswd
[INFO ] 2025-06-09 16:47:18.161 [main] LoggerLoad - GET REQUEST By ID: NoAuth
[INFO ] 2025-06-09 16:47:18.165 [main] LoggerLoad - GET REQUEST By ID: IncorrectEndPoint
[INFO ] 2025-06-09 16:47:18.168 [main] LoggerLoad - GET REQUEST By ID: IncorrectBaseURL
[INFO ] 2025-06-09 16:47:18.171 [main] LoggerLoad - GET REQUEST By ID: Valid
[INFO ] 2025-06-09 16:47:18.400 [main] LoggerLoad - GET REQUEST By ID: NonExistingUser
[INFO ] 2025-06-09 16:47:18.476 [main] LoggerLoad - Closing Workbook
[INFO ] 2025-06-09 16:49:23.160 [main] LoggerLoad - RestAssured Swagger API Execution
[INFO ] 2025-06-09 16:49:23.162 [main] LoggerLoad - Initializing Workbook
[INFO ] 2025-06-09 16:49:23.162 [main] LoggerLoad - Initializing Excel Reader with path: src/test/resources/TestData/API_TestData.xlsx
[INFO ] 2025-06-09 16:49:23.645 [main] LoggerLoad - POST REQUEST: Valid
[INFO ] 2025-06-09 16:49:25.560 [main] LoggerLoad - GET REQUEST By ID: EmptyUsr
[INFO ] 2025-06-09 16:49:25.563 [main] LoggerLoad - GET REQUEST By ID: EmptyPswd
[INFO ] 2025-06-09 16:49:25.567 [main] LoggerLoad - GET REQUEST By ID: NoAuth
[INFO ] 2025-06-09 16:49:25.570 [main] LoggerLoad - GET REQUEST By ID: IncorrectEndPoint
[INFO ] 2025-06-09 16:49:25.573 [main] LoggerLoad - GET REQUEST By ID: IncorrectBaseURL
[INFO ] 2025-06-09 16:49:25.577 [main] LoggerLoad - GET REQUEST By ID: Valid
[INFO ] 2025-06-09 16:49:25.810 [main] LoggerLoad - GET REQUEST By ID: NonExistingUser
[INFO ] 2025-06-09 16:49:25.892 [main] LoggerLoad - Closing Workbook
[INFO ] 2025-06-09 16:58:34.995 [main] LoggerLoad - RestAssured Swagger API Execution
[INFO ] 2025-06-09 16:58:34.997 [main] LoggerLoad - Initializing Workbook
[INFO ] 2025-06-09 16:58:34.997 [main] LoggerLoad - Initializing Excel Reader with path: src/test/resources/TestData/API_TestData.xlsx
[INFO ] 2025-06-09 16:58:35.502 [main] LoggerLoad - POST REQUEST: Valid
[INFO ] 2025-06-09 16:58:37.632 [main] LoggerLoad - GET REQUEST By Name: EmptyUsr
[INFO ] 2025-06-09 16:58:37.634 [main] LoggerLoad - GET REQUEST By Name: EmptyPswd
[INFO ] 2025-06-09 16:58:37.638 [main] LoggerLoad - GET REQUEST By Name: NoAuth
[INFO ] 2025-06-09 16:58:37.642 [main] LoggerLoad - GET REQUEST By Name: IncorrectEndPoint
[INFO ] 2025-06-09 16:58:37.646 [main] LoggerLoad - GET REQUEST By Name: IncorrectBaseURL
[INFO ] 2025-06-09 16:58:37.651 [main] LoggerLoad - GET REQUEST By Name: Valid
[INFO ] 2025-06-09 16:58:37.871 [main] LoggerLoad - GET REQUEST By Name: NonExistingUser
[INFO ] 2025-06-09 16:58:37.964 [main] LoggerLoad - Closing Workbook
[INFO ] 2025-06-09 17:00:35.866 [main] LoggerLoad - RestAssured Swagger API Execution
[INFO ] 2025-06-09 17:00:35.868 [main] LoggerLoad - Initializing Workbook
[INFO ] 2025-06-09 17:00:35.868 [main] LoggerLoad - Initializing Excel Reader with path: src/test/resources/TestData/API_TestData.xlsx
[INFO ] 2025-06-09 17:00:36.338 [main] LoggerLoad - POST REQUEST: Valid
[INFO ] 2025-06-09 17:00:38.329 [main] LoggerLoad - GET REQUEST By Name: EmptyUsr
[INFO ] 2025-06-09 17:00:38.332 [main] LoggerLoad - GET REQUEST By Name: EmptyPswd
[INFO ] 2025-06-09 17:00:38.335 [main] LoggerLoad - GET REQUEST By Name: NoAuth
[INFO ] 2025-06-09 17:00:38.338 [main] LoggerLoad - GET REQUEST By Name: IncorrectEndPoint
[INFO ] 2025-06-09 17:00:38.341 [main] LoggerLoad - GET REQUEST By Name: IncorrectBaseURL
[INFO ] 2025-06-09 17:00:38.346 [main] LoggerLoad - GET REQUEST By Name: Valid
[INFO ] 2025-06-09 17:00:38.554 [main] LoggerLoad - GET REQUEST By Name: NonExistingUser
[INFO ] 2025-06-09 17:00:38.646 [main] LoggerLoad - Closing Workbook
[INFO ] 2025-06-09 17:10:17.372 [main] LoggerLoad - RestAssured Swagger API Execution
[INFO ] 2025-06-09 17:10:17.374 [main] LoggerLoad - Initializing Workbook
[INFO ] 2025-06-09 17:10:17.374 [main] LoggerLoad - Initializing Excel Reader with path: src/test/resources/TestData/API_TestData.xlsx
[INFO ] 2025-06-09 17:10:17.933 [main] LoggerLoad - POST REQUEST: Valid
[INFO ] 2025-06-09 17:10:19.940 [main] LoggerLoad - PUT REQUEST By ID: Valid
[INFO ] 2025-06-09 17:10:19.942 [main] LoggerLoad - POST REQUEST: Valid
[INFO ] 2025-06-09 17:10:19.970 [main] LoggerLoad - PUT REQUEST By ID: CharFirstName
[INFO ] 2025-06-09 17:10:19.970 [main] LoggerLoad - POST REQUEST: CharFirstName
[INFO ] 2025-06-09 17:10:20.430 [main] LoggerLoad - PUT REQUEST By ID: EmptyFirstName
[INFO ] 2025-06-09 17:10:20.430 [main] LoggerLoad - POST REQUEST: EmptyFirstName
[INFO ] 2025-06-09 17:10:20.652 [main] LoggerLoad - PUT REQUEST By ID: NumericLastname
[INFO ] 2025-06-09 17:10:20.652 [main] LoggerLoad - POST REQUEST: NumericLastname
[INFO ] 2025-06-09 17:10:20.884 [main] LoggerLoad - PUT REQUEST By ID: CharLastName
[INFO ] 2025-06-09 17:10:20.884 [main] LoggerLoad - POST REQUEST: CharLastName
[INFO ] 2025-06-09 17:10:21.110 [main] LoggerLoad - PUT REQUEST By ID: EmptyLastName
[INFO ] 2025-06-09 17:10:21.112 [main] LoggerLoad - POST REQUEST: EmptyLastName
[INFO ] 2025-06-09 17:10:21.328 [main] LoggerLoad - PUT REQUEST By ID: PhoneGrt10Digit
[INFO ] 2025-06-09 17:10:21.328 [main] LoggerLoad - POST REQUEST: PhoneGrt10Digit
[INFO ] 2025-06-09 17:10:21.546 [main] LoggerLoad - PUT REQUEST By ID: PhoneLess10Digit
[INFO ] 2025-06-09 17:10:21.546 [main] LoggerLoad - POST REQUEST: PhoneLess10Digit
[INFO ] 2025-06-09 17:10:21.757 [main] LoggerLoad - PUT REQUEST By ID: EmptyPhone
[INFO ] 2025-06-09 17:10:21.757 [main] LoggerLoad - POST REQUEST: EmptyPhone
[INFO ] 2025-06-09 17:10:21.969 [main] LoggerLoad - PUT REQUEST By ID: EmailEmpty
[INFO ] 2025-06-09 17:10:21.969 [main] LoggerLoad - POST REQUEST: EmailEmpty
[INFO ] 2025-06-09 17:10:22.183 [main] LoggerLoad - PUT REQUEST By ID: EmptyUsr
[INFO ] 2025-06-09 17:10:22.183 [main] LoggerLoad - POST REQUEST: EmptyUsr
[INFO ] 2025-06-09 17:10:22.399 [main] LoggerLoad - PUT REQUEST By ID: EmptyPswd
[INFO ] 2025-06-09 17:10:22.399 [main] LoggerLoad - POST REQUEST: EmptyPswd
[INFO ] 2025-06-09 17:10:22.614 [main] LoggerLoad - PUT REQUEST By ID: IncorrectBaseURL
[INFO ] 2025-06-09 17:10:22.614 [main] LoggerLoad - POST REQUEST: IncorrectBaseURL
[INFO ] 2025-06-09 17:10:22.832 [main] LoggerLoad - PUT REQUEST By ID: NoAuth
[INFO ] 2025-06-09 17:10:22.832 [main] LoggerLoad - POST REQUEST: NoAuth
[INFO ] 2025-06-09 17:10:23.018 [main] LoggerLoad - PUT REQUEST By ID: IncorrectEndPoint
[INFO ] 2025-06-09 17:10:23.018 [main] LoggerLoad - POST REQUEST: IncorrectEndPoint
[INFO ] 2025-06-09 17:10:23.278 [main] LoggerLoad - Closing Workbook
[INFO ] 2025-06-09 17:13:18.684 [main] LoggerLoad - RestAssured Swagger API Execution
[INFO ] 2025-06-09 17:13:18.686 [main] LoggerLoad - Initializing Workbook
[INFO ] 2025-06-09 17:13:18.686 [main] LoggerLoad - Initializing Excel Reader with path: src/test/resources/TestData/API_TestData.xlsx
[INFO ] 2025-06-09 17:13:19.169 [main] LoggerLoad - POST REQUEST: Valid
[INFO ] 2025-06-09 17:13:22.441 [main] LoggerLoad - PUT REQUEST By ID: Valid
[INFO ] 2025-06-09 17:13:22.441 [main] LoggerLoad - POST REQUEST: Valid
[INFO ] 2025-06-09 17:13:22.588 [main] LoggerLoad - Closing Workbook
[INFO ] 2025-06-09 17:18:43.953 [main] LoggerLoad - RestAssured Swagger API Execution
[INFO ] 2025-06-09 17:18:43.955 [main] LoggerLoad - Initializing Workbook
[INFO ] 2025-06-09 17:18:43.955 [main] LoggerLoad - Initializing Excel Reader with path: src/test/resources/TestData/API_TestData.xlsx
[INFO ] 2025-06-09 17:18:44.500 [main] LoggerLoad - POST REQUEST: Valid
[INFO ] 2025-06-09 17:18:46.514 [main] LoggerLoad - PUT REQUEST By ID: Valid
[INFO ] 2025-06-09 17:18:46.514 [main] LoggerLoad - POST REQUEST: Valid
[INFO ] 2025-06-09 17:18:46.892 [main] LoggerLoad - Closing Workbook
[INFO ] 2025-06-09 20:15:26.641 [main] LoggerLoad - RestAssured Swagger API Execution
[INFO ] 2025-06-09 20:15:26.643 [main] LoggerLoad - Initializing Workbook
[INFO ] 2025-06-09 20:15:26.643 [main] LoggerLoad - Initializing Excel Reader with path: src/test/resources/TestData/API_TestData.xlsx
[INFO ] 2025-06-09 20:15:27.143 [main] LoggerLoad - POST REQUEST: Valid
[INFO ] 2025-06-09 20:15:29.266 [main] LoggerLoad - DELETE REQUEST By Name: InvalidChar
[INFO ] 2025-06-09 20:15:29.270 [main] LoggerLoad - DELETE REQUEST By Name: EmptyUsr
[INFO ] 2025-06-09 20:15:29.273 [main] LoggerLoad - DELETE REQUEST By Name: EmptyPswd
[INFO ] 2025-06-09 20:15:29.277 [main] LoggerLoad - DELETE REQUEST By Name: NoAuth
[INFO ] 2025-06-09 20:15:29.281 [main] LoggerLoad - DELETE REQUEST By Name: IncorrectBaseURL
[INFO ] 2025-06-09 20:15:29.285 [main] LoggerLoad - DELETE REQUEST By Name: IncorrectEndPoint
[INFO ] 2025-06-09 20:15:29.289 [main] LoggerLoad - DELETE REQUEST By Name: NonExistingUser
[INFO ] 2025-06-09 20:15:29.292 [main] LoggerLoad - DELETE REQUEST By Name: Valid
[INFO ] 2025-06-09 20:15:29.589 [main] LoggerLoad - Closing Workbook
[INFO ] 2025-06-09 20:18:07.258 [main] LoggerLoad - RestAssured Swagger API Execution
[INFO ] 2025-06-09 20:18:07.261 [main] LoggerLoad - Initializing Workbook
[INFO ] 2025-06-09 20:18:07.261 [main] LoggerLoad - Initializing Excel Reader with path: src/test/resources/TestData/API_TestData.xlsx
[INFO ] 2025-06-09 20:18:07.741 [main] LoggerLoad - POST REQUEST: Valid
[INFO ] 2025-06-09 20:18:09.285 [main] LoggerLoad - DELETE REQUEST By Name: InvalidChar
[INFO ] 2025-06-09 20:18:09.290 [main] LoggerLoad - DELETE REQUEST By Name: EmptyUsr
[INFO ] 2025-06-09 20:18:09.294 [main] LoggerLoad - DELETE REQUEST By Name: EmptyPswd
[INFO ] 2025-06-09 20:18:09.298 [main] LoggerLoad - DELETE REQUEST By Name: NoAuth
[INFO ] 2025-06-09 20:18:09.302 [main] LoggerLoad - DELETE REQUEST By Name: IncorrectBaseURL
[INFO ] 2025-06-09 20:18:09.306 [main] LoggerLoad - DELETE REQUEST By Name: IncorrectEndPoint
[INFO ] 2025-06-09 20:18:09.310 [main] LoggerLoad - DELETE REQUEST By Name: NonExistingUser
[INFO ] 2025-06-09 20:18:09.313 [main] LoggerLoad - DELETE REQUEST By Name: Valid
[INFO ] 2025-06-09 20:18:09.431 [main] LoggerLoad - Closing Workbook
[INFO ] 2025-06-09 20:25:30.031 [main] LoggerLoad - RestAssured Swagger API Execution
[INFO ] 2025-06-09 20:25:30.033 [main] LoggerLoad - Initializing Workbook
[INFO ] 2025-06-09 20:25:30.033 [main] LoggerLoad - Initializing Excel Reader with path: src/test/resources/TestData/API_TestData.xlsx
[INFO ] 2025-06-09 20:25:30.526 [main] LoggerLoad - POST REQUEST: Valid
[INFO ] 2025-06-09 20:25:32.165 [main] LoggerLoad - DELETE REQUEST By Name: InvalidChar
[INFO ] 2025-06-09 20:25:32.169 [main] LoggerLoad - DELETE REQUEST By Name: EmptyUsr
[INFO ] 2025-06-09 20:25:32.173 [main] LoggerLoad - DELETE REQUEST By Name: EmptyPswd
[INFO ] 2025-06-09 20:25:32.178 [main] LoggerLoad - DELETE REQUEST By Name: NoAuth
[INFO ] 2025-06-09 20:25:32.182 [main] LoggerLoad - DELETE REQUEST By Name: IncorrectBaseURL
[INFO ] 2025-06-09 20:25:32.186 [main] LoggerLoad - DELETE REQUEST By Name: IncorrectEndPoint
[INFO ] 2025-06-09 20:25:32.189 [main] LoggerLoad - DELETE REQUEST By Name: NonExistingUser
[INFO ] 2025-06-09 20:25:32.193 [main] LoggerLoad - DELETE REQUEST By Name: Valid
[INFO ] 2025-06-09 20:25:32.285 [main] LoggerLoad - Closing Workbook
[INFO ] 2025-06-09 20:29:57.724 [main] LoggerLoad - RestAssured Swagger API Execution
[INFO ] 2025-06-09 20:29:57.727 [main] LoggerLoad - Initializing Workbook
[INFO ] 2025-06-09 20:29:57.727 [main] LoggerLoad - Initializing Excel Reader with path: src/test/resources/TestData/API_TestData.xlsx
[INFO ] 2025-06-09 20:29:58.212 [main] LoggerLoad - POST REQUEST: Valid
[INFO ] 2025-06-09 20:29:59.796 [main] LoggerLoad - DELETE REQUEST By Name: InvalidChar
[INFO ] 2025-06-09 20:29:59.808 [main] LoggerLoad - DELETE REQUEST By Name: EmptyUsr
[INFO ] 2025-06-09 20:29:59.812 [main] LoggerLoad - DELETE REQUEST By Name: EmptyPswd
[INFO ] 2025-06-09 20:29:59.819 [main] LoggerLoad - DELETE REQUEST By Name: NoAuth
[INFO ] 2025-06-09 20:29:59.823 [main] LoggerLoad - DELETE REQUEST By Name: IncorrectBaseURL
[INFO ] 2025-06-09 20:29:59.827 [main] LoggerLoad - DELETE REQUEST By Name: IncorrectEndPoint
[INFO ] 2025-06-09 20:29:59.831 [main] LoggerLoad - DELETE REQUEST By Name: NonExistingUser
[INFO ] 2025-06-09 20:29:59.835 [main] LoggerLoad - DELETE REQUEST By Name: Valid
[INFO ] 2025-06-09 20:29:59.914 [main] LoggerLoad - Closing Workbook
[INFO ] 2025-06-09 20:32:44.609 [main] LoggerLoad - RestAssured Swagger API Execution
[INFO ] 2025-06-09 20:32:44.611 [main] LoggerLoad - Initializing Workbook
[INFO ] 2025-06-09 20:32:44.611 [main] LoggerLoad - Initializing Excel Reader with path: src/test/resources/TestData/API_TestData.xlsx
[INFO ] 2025-06-09 20:32:45.103 [main] LoggerLoad - POST REQUEST: Valid
[INFO ] 2025-06-09 20:32:47.033 [main] LoggerLoad - DELETE REQUEST By Name: InvalidChar
[INFO ] 2025-06-09 20:32:47.037 [main] LoggerLoad - DELETE REQUEST By Name: EmptyUsr
[INFO ] 2025-06-09 20:32:47.041 [main] LoggerLoad - DELETE REQUEST By Name: EmptyPswd
[INFO ] 2025-06-09 20:32:47.046 [main] LoggerLoad - DELETE REQUEST By Name: NoAuth
[INFO ] 2025-06-09 20:32:47.049 [main] LoggerLoad - DELETE REQUEST By Name: IncorrectBaseURL
[INFO ] 2025-06-09 20:32:47.052 [main] LoggerLoad - DELETE REQUEST By Name: IncorrectEndPoint
[INFO ] 2025-06-09 20:32:47.056 [main] LoggerLoad - DELETE REQUEST By Name: NonExistingUser
[INFO ] 2025-06-09 20:32:47.060 [main] LoggerLoad - DELETE REQUEST By Name: Valid
[INFO ] 2025-06-09 20:32:47.635 [main] LoggerLoad - Closing Workbook
[INFO ] 2025-06-09 20:36:00.271 [main] LoggerLoad - RestAssured Swagger API Execution
[INFO ] 2025-06-09 20:36:00.273 [main] LoggerLoad - Initializing Workbook
[INFO ] 2025-06-09 20:36:00.274 [main] LoggerLoad - Initializing Excel Reader with path: src/test/resources/TestData/API_TestData.xlsx
[INFO ] 2025-06-09 20:36:00.810 [main] LoggerLoad - POST REQUEST: Valid
[INFO ] 2025-06-09 20:36:02.843 [main] LoggerLoad - DELETE REQUEST By Name: InvalidChar
[INFO ] 2025-06-09 20:36:02.847 [main] LoggerLoad - DELETE REQUEST By Name: EmptyUsr
[INFO ] 2025-06-09 20:36:02.851 [main] LoggerLoad - DELETE REQUEST By Name: EmptyPswd
[INFO ] 2025-06-09 20:36:02.855 [main] LoggerLoad - DELETE REQUEST By Name: NoAuth
[INFO ] 2025-06-09 20:36:02.860 [main] LoggerLoad - DELETE REQUEST By Name: IncorrectBaseURL
[INFO ] 2025-06-09 20:36:02.865 [main] LoggerLoad - DELETE REQUEST By Name: IncorrectEndPoint
[INFO ] 2025-06-09 20:36:02.870 [main] LoggerLoad - DELETE REQUEST By Name: NonExistingUser
[INFO ] 2025-06-09 20:36:02.874 [main] LoggerLoad - DELETE REQUEST By Name: Valid
[INFO ] 2025-06-09 20:36:03.227 [main] LoggerLoad - Closing Workbook
[INFO ] 2025-06-09 20:38:14.971 [main] LoggerLoad - RestAssured Swagger API Execution
[INFO ] 2025-06-09 20:38:14.972 [main] LoggerLoad - Initializing Workbook
[INFO ] 2025-06-09 20:38:14.973 [main] LoggerLoad - Initializing Excel Reader with path: src/test/resources/TestData/API_TestData.xlsx
[INFO ] 2025-06-09 20:38:15.506 [main] LoggerLoad - POST REQUEST: Valid
[INFO ] 2025-06-09 20:38:17.590 [main] LoggerLoad - DELETE REQUEST By Name: InvalidChar
[INFO ] 2025-06-09 20:38:17.594 [main] LoggerLoad - DELETE REQUEST By Name: EmptyUsr
[INFO ] 2025-06-09 20:38:17.598 [main] LoggerLoad - DELETE REQUEST By Name: EmptyPswd
[INFO ] 2025-06-09 20:38:17.603 [main] LoggerLoad - DELETE REQUEST By Name: NoAuth
[INFO ] 2025-06-09 20:38:17.607 [main] LoggerLoad - DELETE REQUEST By Name: IncorrectBaseURL
[INFO ] 2025-06-09 20:38:17.611 [main] LoggerLoad - DELETE REQUEST By Name: IncorrectEndPoint
[INFO ] 2025-06-09 20:38:17.615 [main] LoggerLoad - DELETE REQUEST By Name: NonExistingUser
[INFO ] 2025-06-09 20:38:17.622 [main] LoggerLoad - DELETE REQUEST By Name: Valid
[INFO ] 2025-06-09 20:38:17.935 [main] LoggerLoad - Closing Workbook
[INFO ] 2025-06-09 20:39:01.684 [main] LoggerLoad - RestAssured Swagger API Execution
[INFO ] 2025-06-09 20:39:01.686 [main] LoggerLoad - Initializing Workbook
[INFO ] 2025-06-09 20:39:01.686 [main] LoggerLoad - Initializing Excel Reader with path: src/test/resources/TestData/API_TestData.xlsx
[INFO ] 2025-06-09 20:39:02.176 [main] LoggerLoad - POST REQUEST: Valid
[INFO ] 2025-06-09 20:39:04.316 [main] LoggerLoad - DELETE REQUEST By Name: InvalidChar
[INFO ] 2025-06-09 20:39:04.321 [main] LoggerLoad - DELETE REQUEST By Name: EmptyUsr
[INFO ] 2025-06-09 20:39:04.325 [main] LoggerLoad - DELETE REQUEST By Name: EmptyPswd
[INFO ] 2025-06-09 20:39:04.330 [main] LoggerLoad - DELETE REQUEST By Name: NoAuth
[INFO ] 2025-06-09 20:39:04.334 [main] LoggerLoad - DELETE REQUEST By Name: IncorrectBaseURL
[INFO ] 2025-06-09 20:39:04.338 [main] LoggerLoad - DELETE REQUEST By Name: IncorrectEndPoint
[INFO ] 2025-06-09 20:39:04.342 [main] LoggerLoad - DELETE REQUEST By Name: NonExistingUser
[INFO ] 2025-06-09 20:39:04.346 [main] LoggerLoad - DELETE REQUEST By Name: Valid
[INFO ] 2025-06-09 20:39:04.672 [main] LoggerLoad - Closing Workbook
[INFO ] 2025-06-10 13:34:47.531 [main] LoggerLoad - RestAssured Swagger API Execution
[INFO ] 2025-06-10 13:34:47.534 [main] LoggerLoad - Initializing Workbook
[INFO ] 2025-06-10 13:34:47.534 [main] LoggerLoad - Initializing Excel Reader with path: src/test/resources/TestData/API_TestData.xlsx
[INFO ] 2025-06-10 13:34:48.096 [main] LoggerLoad - POST REQUEST: Valid
[INFO ] 2025-06-10 13:34:50.557 [main] LoggerLoad - DELETE REQUEST By Name: InvalidChar
[INFO ] 2025-06-10 13:34:50.562 [main] LoggerLoad - DELETE REQUEST By Name: EmptyUsr
[INFO ] 2025-06-10 13:34:50.566 [main] LoggerLoad - DELETE REQUEST By Name: EmptyPswd
[INFO ] 2025-06-10 13:34:50.572 [main] LoggerLoad - DELETE REQUEST By Name: NoAuth
[INFO ] 2025-06-10 13:34:50.576 [main] LoggerLoad - DELETE REQUEST By Name: IncorrectBaseURL
[INFO ] 2025-06-10 13:34:50.581 [main] LoggerLoad - DELETE REQUEST By Name: IncorrectEndPoint
[INFO ] 2025-06-10 13:34:50.587 [main] LoggerLoad - DELETE REQUEST By Name: NonExistingUser
[INFO ] 2025-06-10 13:34:50.592 [main] LoggerLoad - DELETE REQUEST By Name: Valid
[INFO ] 2025-06-10 13:34:50.706 [main] LoggerLoad - Closing Workbook
[INFO ] 2025-06-10 13:37:19.481 [main] LoggerLoad - RestAssured Swagger API Execution
[INFO ] 2025-06-10 13:37:19.483 [main] LoggerLoad - Initializing Workbook
[INFO ] 2025-06-10 13:37:19.483 [main] LoggerLoad - Initializing Excel Reader with path: src/test/resources/TestData/API_TestData.xlsx
[INFO ] 2025-06-10 13:37:19.975 [main] LoggerLoad - POST REQUEST: Valid
[INFO ] 2025-06-10 13:37:22.461 [main] LoggerLoad - DELETE REQUEST By Name: InvalidChar
[INFO ] 2025-06-10 13:37:22.466 [main] LoggerLoad - DELETE REQUEST By Name: EmptyUsr
[INFO ] 2025-06-10 13:37:22.471 [main] LoggerLoad - DELETE REQUEST By Name: EmptyPswd
[INFO ] 2025-06-10 13:37:22.476 [main] LoggerLoad - DELETE REQUEST By Name: NoAuth
[INFO ] 2025-06-10 13:37:22.480 [main] LoggerLoad - DELETE REQUEST By Name: IncorrectBaseURL
[INFO ] 2025-06-10 13:37:22.485 [main] LoggerLoad - DELETE REQUEST By Name: IncorrectEndPoint
[INFO ] 2025-06-10 13:37:22.489 [main] LoggerLoad - DELETE REQUEST By Name: NonExistingUser
[INFO ] 2025-06-10 13:37:22.493 [main] LoggerLoad - DELETE REQUEST By Name: Valid
[INFO ] 2025-06-10 13:37:22.595 [main] LoggerLoad - Closing Workbook
[INFO ] 2025-06-10 13:38:37.743 [main] LoggerLoad - RestAssured Swagger API Execution
[INFO ] 2025-06-10 13:38:37.745 [main] LoggerLoad - Initializing Workbook
[INFO ] 2025-06-10 13:38:37.745 [main] LoggerLoad - Initializing Excel Reader with path: src/test/resources/TestData/API_TestData.xlsx
[INFO ] 2025-06-10 13:38:38.230 [main] LoggerLoad - POST REQUEST: Valid
[INFO ] 2025-06-10 13:38:40.684 [main] LoggerLoad - DELETE REQUEST By Name: InvalidChar
[INFO ] 2025-06-10 13:38:40.690 [main] LoggerLoad - DELETE REQUEST By Name: EmptyUsr
[INFO ] 2025-06-10 13:38:40.697 [main] LoggerLoad - DELETE REQUEST By Name: EmptyPswd
[INFO ] 2025-06-10 13:38:40.705 [main] LoggerLoad - DELETE REQUEST By Name: NoAuth
[INFO ] 2025-06-10 13:38:40.710 [main] LoggerLoad - DELETE REQUEST By Name: IncorrectBaseURL
[INFO ] 2025-06-10 13:38:40.715 [main] LoggerLoad - DELETE REQUEST By Name: IncorrectEndPoint
[INFO ] 2025-06-10 13:38:40.719 [main] LoggerLoad - DELETE REQUEST By Name: NonExistingUser
[INFO ] 2025-06-10 13:38:40.723 [main] LoggerLoad - DELETE REQUEST By Name: Valid
[INFO ] 2025-06-10 13:38:40.835 [main] LoggerLoad - Closing Workbook
[INFO ] 2025-06-11 13:04:10.090 [main] LoggerLoad - RestAssured Swagger API Execution
[INFO ] 2025-06-11 13:04:10.093 [main] LoggerLoad - Initializing Workbook
[INFO ] 2025-06-11 13:04:10.093 [main] LoggerLoad - Initializing Excel Reader with path: src/test/resources/TestData/API_TestData.xlsx
[INFO ] 2025-06-11 13:04:10.648 [main] LoggerLoad - POST REQUEST: Valid
[INFO ] 2025-06-11 13:04:13.219 [main] LoggerLoad - DELETE REQUEST By Name: InvalidChar
[INFO ] 2025-06-11 13:04:13.224 [main] LoggerLoad - DELETE REQUEST By Name: EmptyUsr
[INFO ] 2025-06-11 13:04:13.229 [main] LoggerLoad - DELETE REQUEST By Name: EmptyPswd
[INFO ] 2025-06-11 13:04:13.235 [main] LoggerLoad - DELETE REQUEST By Name: NoAuth
[INFO ] 2025-06-11 13:04:13.241 [main] LoggerLoad - DELETE REQUEST By Name: IncorrectBaseURL
[INFO ] 2025-06-11 13:04:13.245 [main] LoggerLoad - DELETE REQUEST By Name: IncorrectEndPoint
[INFO ] 2025-06-11 13:04:13.248 [main] LoggerLoad - DELETE REQUEST By Name: NonExistingUser
[INFO ] 2025-06-11 13:04:13.253 [main] LoggerLoad - DELETE REQUEST By Name: Valid
[INFO ] 2025-06-11 13:04:13.352 [main] LoggerLoad - Closing Workbook
[INFO ] 2025-06-11 13:14:58.972 [main] LoggerLoad - RestAssured Swagger API Execution
[INFO ] 2025-06-11 13:14:58.973 [main] LoggerLoad - Initializing Workbook
[INFO ] 2025-06-11 13:14:58.974 [main] LoggerLoad - Initializing Excel Reader with path: src/test/resources/TestData/API_TestData.xlsx
[INFO ] 2025-06-11 13:15:06.699 [main] LoggerLoad - POST REQUEST: Valid
[INFO ] 2025-06-11 13:15:08.037 [main] LoggerLoad - DELETE REQUEST By Name: InvalidChar
[INFO ] 2025-06-11 13:15:08.041 [main] LoggerLoad - DELETE REQUEST By Name: EmptyUsr
[INFO ] 2025-06-11 13:15:08.044 [main] LoggerLoad - DELETE REQUEST By Name: EmptyPswd
[INFO ] 2025-06-11 13:15:08.047 [main] LoggerLoad - DELETE REQUEST By Name: NoAuth
[INFO ] 2025-06-11 13:15:08.051 [main] LoggerLoad - DELETE REQUEST By Name: IncorrectBaseURL
[INFO ] 2025-06-11 13:15:08.054 [main] LoggerLoad - DELETE REQUEST By Name: IncorrectEndPoint
[INFO ] 2025-06-11 13:15:08.058 [main] LoggerLoad - DELETE REQUEST By Name: NonExistingUser
[INFO ] 2025-06-11 13:15:08.061 [main] LoggerLoad - DELETE REQUEST By Name: Valid
[INFO ] 2025-06-11 13:15:08.136 [main] LoggerLoad - Closing Workbook
[INFO ] 2025-06-11 13:17:56.762 [main] LoggerLoad - RestAssured Swagger API Execution
[INFO ] 2025-06-11 13:17:56.764 [main] LoggerLoad - Initializing Workbook
[INFO ] 2025-06-11 13:17:56.764 [main] LoggerLoad - Initializing Excel Reader with path: src/test/resources/TestData/API_TestData.xlsx
[INFO ] 2025-06-11 13:18:04.402 [main] LoggerLoad - POST REQUEST: Valid
[INFO ] 2025-06-11 13:18:05.747 [main] LoggerLoad - DELETE REQUEST By Name: InvalidChar
[INFO ] 2025-06-11 13:18:05.750 [main] LoggerLoad - DELETE REQUEST By Name: EmptyUsr
[INFO ] 2025-06-11 13:18:05.754 [main] LoggerLoad - DELETE REQUEST By Name: EmptyPswd
[INFO ] 2025-06-11 13:18:05.757 [main] LoggerLoad - DELETE REQUEST By Name: NoAuth
[INFO ] 2025-06-11 13:18:05.761 [main] LoggerLoad - DELETE REQUEST By Name: IncorrectBaseURL
[INFO ] 2025-06-11 13:18:05.764 [main] LoggerLoad - DELETE REQUEST By Name: IncorrectEndPoint
[INFO ] 2025-06-11 13:18:05.767 [main] LoggerLoad - DELETE REQUEST By Name: NonExistingUser
[INFO ] 2025-06-11 13:18:05.770 [main] LoggerLoad - DELETE REQUEST By Name: Valid
[INFO ] 2025-06-11 13:18:05.858 [main] LoggerLoad - Closing Workbook
[INFO ] 2025-06-11 13:19:07.529 [main] LoggerLoad - RestAssured Swagger API Execution
[INFO ] 2025-06-11 13:19:07.530 [main] LoggerLoad - Initializing Workbook
[INFO ] 2025-06-11 13:19:07.530 [main] LoggerLoad - Initializing Excel Reader with path: src/test/resources/TestData/API_TestData.xlsx
[INFO ] 2025-06-11 13:19:15.213 [main] LoggerLoad - POST REQUEST: Valid
[INFO ] 2025-06-11 13:19:16.538 [main] LoggerLoad - DELETE REQUEST By Name: InvalidChar
[INFO ] 2025-06-11 13:19:16.545 [main] LoggerLoad - DELETE REQUEST By Name: EmptyUsr
[INFO ] 2025-06-11 13:19:16.551 [main] LoggerLoad - DELETE REQUEST By Name: EmptyPswd
[INFO ] 2025-06-11 13:19:16.555 [main] LoggerLoad - DELETE REQUEST By Name: NoAuth
[INFO ] 2025-06-11 13:19:16.560 [main] LoggerLoad - DELETE REQUEST By Name: IncorrectBaseURL
[INFO ] 2025-06-11 13:19:16.566 [main] LoggerLoad - DELETE REQUEST By Name: IncorrectEndPoint
[INFO ] 2025-06-11 13:19:16.569 [main] LoggerLoad - DELETE REQUEST By Name: NonExistingUser
[INFO ] 2025-06-11 13:19:16.573 [main] LoggerLoad - DELETE REQUEST By Name: Valid
[INFO ] 2025-06-11 13:19:16.666 [main] LoggerLoad - Closing Workbook
[INFO ] 2025-06-11 13:21:55.764 [main] LoggerLoad - RestAssured Swagger API Execution
[INFO ] 2025-06-11 13:21:55.766 [main] LoggerLoad - Initializing Workbook
[INFO ] 2025-06-11 13:21:55.767 [main] LoggerLoad - Initializing Excel Reader with path: src/test/resources/TestData/API_TestData.xlsx
[INFO ] 2025-06-11 13:22:02.443 [main] LoggerLoad - POST REQUEST: Valid
[INFO ] 2025-06-11 13:22:03.219 [main] LoggerLoad - DELETE REQUEST By Name: InvalidChar
[INFO ] 2025-06-11 13:22:03.223 [main] LoggerLoad - DELETE REQUEST By Name: EmptyUsr
[INFO ] 2025-06-11 13:22:03.227 [main] LoggerLoad - DELETE REQUEST By Name: EmptyPswd
[INFO ] 2025-06-11 13:22:03.231 [main] LoggerLoad - DELETE REQUEST By Name: NoAuth
[INFO ] 2025-06-11 13:22:03.234 [main] LoggerLoad - DELETE REQUEST By Name: IncorrectBaseURL
[INFO ] 2025-06-11 13:22:03.238 [main] LoggerLoad - DELETE REQUEST By Name: IncorrectEndPoint
[INFO ] 2025-06-11 13:22:03.242 [main] LoggerLoad - DELETE REQUEST By Name: NonExistingUser
[INFO ] 2025-06-11 13:22:03.245 [main] LoggerLoad - DELETE REQUEST By Name: Valid
[INFO ] 2025-06-11 13:22:03.374 [main] LoggerLoad - Closing Workbook
[INFO ] 2025-06-11 13:29:09.989 [main] LoggerLoad - RestAssured Swagger API Execution
[INFO ] 2025-06-11 13:29:09.991 [main] LoggerLoad - Initializing Workbook
[INFO ] 2025-06-11 13:29:09.991 [main] LoggerLoad - Initializing Excel Reader with path: src/test/resources/TestData/API_TestData.xlsx
[INFO ] 2025-06-11 13:29:17.840 [main] LoggerLoad - POST REQUEST: Valid
[INFO ] 2025-06-11 13:29:19.156 [main] LoggerLoad - DELETE REQUEST By Name: InvalidChar
[INFO ] 2025-06-11 13:29:19.159 [main] LoggerLoad - DELETE REQUEST By Name: EmptyUsr
[INFO ] 2025-06-11 13:29:19.163 [main] LoggerLoad - DELETE REQUEST By Name: EmptyPswd
[INFO ] 2025-06-11 13:29:19.166 [main] LoggerLoad - DELETE REQUEST By Name: NoAuth
[INFO ] 2025-06-11 13:29:19.168 [main] LoggerLoad - DELETE REQUEST By Name: IncorrectBaseURL
[INFO ] 2025-06-11 13:29:19.172 [main] LoggerLoad - DELETE REQUEST By Name: IncorrectEndPoint
[INFO ] 2025-06-11 13:29:19.174 [main] LoggerLoad - DELETE REQUEST By Name: NonExistingUser
[INFO ] 2025-06-11 13:29:19.179 [main] LoggerLoad - DELETE REQUEST By Name: Valid
[INFO ] 2025-06-11 13:29:19.265 [main] LoggerLoad - Closing Workbook
[INFO ] 2025-06-11 13:42:19.076 [main] LoggerLoad - RestAssured Swagger API Execution
[INFO ] 2025-06-11 13:42:19.078 [main] LoggerLoad - Initializing Workbook
[INFO ] 2025-06-11 13:42:19.078 [main] LoggerLoad - Initializing Excel Reader with path: src/test/resources/TestData/API_TestData.xlsx
[INFO ] 2025-06-11 13:42:26.142 [main] LoggerLoad - POST REQUEST: Valid
[INFO ] 2025-06-11 13:42:27.478 [main] LoggerLoad - DELETE REQUEST By Name: InvalidChar
[INFO ] 2025-06-11 13:42:27.481 [main] LoggerLoad - DELETE REQUEST By Name: EmptyUsr
[INFO ] 2025-06-11 13:42:27.484 [main] LoggerLoad - DELETE REQUEST By Name: EmptyPswd
[INFO ] 2025-06-11 13:42:27.487 [main] LoggerLoad - DELETE REQUEST By Name: NoAuth
[INFO ] 2025-06-11 13:42:27.491 [main] LoggerLoad - DELETE REQUEST By Name: IncorrectBaseURL
[INFO ] 2025-06-11 13:42:27.494 [main] LoggerLoad - DELETE REQUEST By Name: IncorrectEndPoint
[INFO ] 2025-06-11 13:42:27.497 [main] LoggerLoad - DELETE REQUEST By Name: NonExistingUser
[INFO ] 2025-06-11 13:42:27.500 [main] LoggerLoad - DELETE REQUEST By Name: Valid
[INFO ] 2025-06-11 13:42:27.577 [main] LoggerLoad - Closing Workbook
[INFO ] 2025-06-11 13:43:11.616 [main] LoggerLoad - RestAssured Swagger API Execution
[INFO ] 2025-06-11 13:43:11.618 [main] LoggerLoad - Initializing Workbook
[INFO ] 2025-06-11 13:43:11.618 [main] LoggerLoad - Initializing Excel Reader with path: src/test/resources/TestData/API_TestData.xlsx
[INFO ] 2025-06-11 13:43:19.296 [main] LoggerLoad - POST REQUEST: Valid
[INFO ] 2025-06-11 13:43:20.635 [main] LoggerLoad - DELETE REQUEST By Name: InvalidChar
[INFO ] 2025-06-11 13:43:20.639 [main] LoggerLoad - DELETE REQUEST By Name: EmptyUsr
[INFO ] 2025-06-11 13:43:20.642 [main] LoggerLoad - DELETE REQUEST By Name: EmptyPswd
[INFO ] 2025-06-11 13:43:20.644 [main] LoggerLoad - DELETE REQUEST By Name: NoAuth
[INFO ] 2025-06-11 13:43:20.649 [main] LoggerLoad - DELETE REQUEST By Name: IncorrectBaseURL
[INFO ] 2025-06-11 13:43:20.652 [main] LoggerLoad - DELETE REQUEST By Name: IncorrectEndPoint
[INFO ] 2025-06-11 13:43:20.655 [main] LoggerLoad - DELETE REQUEST By Name: NonExistingUser
[INFO ] 2025-06-11 13:43:20.658 [main] LoggerLoad - DELETE REQUEST By Name: Valid
[INFO ] 2025-06-11 13:43:20.746 [main] LoggerLoad - Closing Workbook
[INFO ] 2025-06-11 13:51:40.792 [main] LoggerLoad - RestAssured Swagger API Execution
[INFO ] 2025-06-11 13:51:40.794 [main] LoggerLoad - Initializing Workbook
[INFO ] 2025-06-11 13:51:40.794 [main] LoggerLoad - Initializing Excel Reader with path: src/test/resources/TestData/API_TestData.xlsx
[INFO ] 2025-06-11 13:51:47.488 [main] LoggerLoad - POST REQUEST: Valid
[INFO ] 2025-06-11 13:51:48.839 [main] LoggerLoad - DELETE REQUEST By Name: InvalidChar
[INFO ] 2025-06-11 13:51:48.843 [main] LoggerLoad - DELETE REQUEST By Name: EmptyUsr
[INFO ] 2025-06-11 13:51:48.846 [main] LoggerLoad - DELETE REQUEST By Name: EmptyPswd
[INFO ] 2025-06-11 13:51:48.848 [main] LoggerLoad - DELETE REQUEST By Name: NoAuth
[INFO ] 2025-06-11 13:51:48.851 [main] LoggerLoad - DELETE REQUEST By Name: IncorrectBaseURL
[INFO ] 2025-06-11 13:51:48.854 [main] LoggerLoad - DELETE REQUEST By Name: IncorrectEndPoint
[INFO ] 2025-06-11 13:51:48.857 [main] LoggerLoad - DELETE REQUEST By Name: NonExistingUser
[INFO ] 2025-06-11 13:51:48.860 [main] LoggerLoad - DELETE REQUEST By Name: Valid
[INFO ] 2025-06-11 13:51:48.943 [main] LoggerLoad - Closing Workbook
[INFO ] 2025-06-11 13:54:08.677 [main] LoggerLoad - RestAssured Swagger API Execution
[INFO ] 2025-06-11 13:54:08.678 [main] LoggerLoad - Initializing Workbook
[INFO ] 2025-06-11 13:54:08.679 [main] LoggerLoad - Initializing Excel Reader with path: src/test/resources/TestData/API_TestData.xlsx
[INFO ] 2025-06-11 13:54:16.349 [main] LoggerLoad - POST REQUEST: Valid
[INFO ] 2025-06-11 13:54:17.678 [main] LoggerLoad - DELETE REQUEST By Name: InvalidChar
[INFO ] 2025-06-11 13:54:17.681 [main] LoggerLoad - DELETE REQUEST By Name: EmptyUsr
[INFO ] 2025-06-11 13:54:17.685 [main] LoggerLoad - DELETE REQUEST By Name: EmptyPswd
[INFO ] 2025-06-11 13:54:17.689 [main] LoggerLoad - DELETE REQUEST By Name: NoAuth
[INFO ] 2025-06-11 13:54:17.692 [main] LoggerLoad - DELETE REQUEST By Name: IncorrectBaseURL
[INFO ] 2025-06-11 13:54:17.696 [main] LoggerLoad - DELETE REQUEST By Name: IncorrectEndPoint
[INFO ] 2025-06-11 13:54:17.699 [main] LoggerLoad - DELETE REQUEST By Name: NonExistingUser
[INFO ] 2025-06-11 13:54:17.702 [main] LoggerLoad - DELETE REQUEST By Name: Valid
[INFO ] 2025-06-11 13:54:17.781 [main] LoggerLoad - Closing Workbook
[INFO ] 2025-06-11 17:31:05.323 [main] LoggerLoad - RestAssured Swagger API Execution
[INFO ] 2025-06-11 17:31:05.325 [main] LoggerLoad - Initializing Workbook
[INFO ] 2025-06-11 17:31:05.325 [main] LoggerLoad - Initializing Excel Reader with path: src/test/resources/TestData/API_TestData.xlsx
[INFO ] 2025-06-11 17:31:11.939 [main] LoggerLoad - POST REQUEST: Valid
[INFO ] 2025-06-11 17:31:12.685 [main] LoggerLoad - DELETE REQUEST By Name: InvalidChar
[INFO ] 2025-06-11 17:31:12.689 [main] LoggerLoad - DELETE REQUEST By Name: EmptyUsr
[INFO ] 2025-06-11 17:31:12.693 [main] LoggerLoad - DELETE REQUEST By Name: EmptyPswd
[INFO ] 2025-06-11 17:31:12.696 [main] LoggerLoad - DELETE REQUEST By Name: NoAuth
[INFO ] 2025-06-11 17:31:12.702 [main] LoggerLoad - DELETE REQUEST By Name: IncorrectBaseURL
[INFO ] 2025-06-11 17:31:12.707 [main] LoggerLoad - DELETE REQUEST By Name: IncorrectEndPoint
[INFO ] 2025-06-11 17:31:12.711 [main] LoggerLoad - DELETE REQUEST By Name: NonExistingUser
[INFO ] 2025-06-11 17:31:12.715 [main] LoggerLoad - DELETE REQUEST By Name: Valid
[INFO ] 2025-06-11 17:31:12.812 [main] LoggerLoad - Closing Workbook
[INFO ] 2025-06-11 17:33:19.799 [main] LoggerLoad - RestAssured Swagger API Execution
[INFO ] 2025-06-11 17:33:19.801 [main] LoggerLoad - Initializing Workbook
[INFO ] 2025-06-11 17:33:19.801 [main] LoggerLoad - Initializing Excel Reader with path: src/test/resources/TestData/API_TestData.xlsx
[INFO ] 2025-06-11 17:33:26.519 [main] LoggerLoad - POST REQUEST: Valid
[INFO ] 2025-06-11 17:33:27.849 [main] LoggerLoad - DELETE REQUEST By Name: InvalidChar
[INFO ] 2025-06-11 17:33:27.853 [main] LoggerLoad - DELETE REQUEST By Name: EmptyUsr
[INFO ] 2025-06-11 17:33:27.857 [main] LoggerLoad - DELETE REQUEST By Name: EmptyPswd
[INFO ] 2025-06-11 17:33:27.861 [main] LoggerLoad - DELETE REQUEST By Name: NoAuth
[INFO ] 2025-06-11 17:33:27.864 [main] LoggerLoad - DELETE REQUEST By Name: IncorrectBaseURL
[INFO ] 2025-06-11 17:33:27.868 [main] LoggerLoad - DELETE REQUEST By Name: IncorrectEndPoint
[INFO ] 2025-06-11 17:33:27.872 [main] LoggerLoad - DELETE REQUEST By Name: NonExistingUser
[INFO ] 2025-06-11 17:33:27.874 [main] LoggerLoad - DELETE REQUEST By Name: Valid
[INFO ] 2025-06-11 17:33:27.965 [main] LoggerLoad - Closing Workbook
[INFO ] 2025-06-11 17:41:14.366 [main] LoggerLoad - RestAssured Swagger API Execution
[INFO ] 2025-06-11 17:41:14.368 [main] LoggerLoad - Initializing Workbook
[INFO ] 2025-06-11 17:41:14.368 [main] LoggerLoad - Initializing Excel Reader with path: src/test/resources/TestData/API_TestData.xlsx
[INFO ] 2025-06-11 17:41:22.411 [main] LoggerLoad - GET REQUEST: EmptyUsr
[INFO ] 2025-06-11 17:41:23.704 [main] LoggerLoad - GET REQUEST: EmptyPswd
[INFO ] 2025-06-11 17:41:24.932 [main] LoggerLoad - GET REQUEST: NoAuth
[INFO ] 2025-06-11 17:41:26.148 [main] LoggerLoad - GET REQUEST: IncorrectEndPoint
[INFO ] 2025-06-11 17:41:27.404 [main] LoggerLoad - GET REQUEST: IncorrectBaseURL
[INFO ] 2025-06-11 17:41:28.096 [main] LoggerLoad - GET REQUEST: Valid
[INFO ] 2025-06-11 17:41:30.657 [main] LoggerLoad - GET REQUEST: NonExistingUser
[INFO ] 2025-06-11 17:41:30.658 [main] LoggerLoad - GET REQUEST SKIPPED manually: NonExistingUser
[INFO ] 2025-06-11 17:41:30.758 [main] LoggerLoad - Closing Workbook
[INFO ] 2025-06-11 17:47:25.144 [main] LoggerLoad - RestAssured Swagger API Execution
[INFO ] 2025-06-11 17:47:25.146 [main] LoggerLoad - Initializing Workbook
[INFO ] 2025-06-11 17:47:25.146 [main] LoggerLoad - Initializing Excel Reader with path: src/test/resources/TestData/API_TestData.xlsx
[INFO ] 2025-06-11 17:47:31.862 [main] LoggerLoad - GET REQUEST: EmptyUsr
[INFO ] 2025-06-11 17:47:33.153 [main] LoggerLoad - GET REQUEST: EmptyPswd
[INFO ] 2025-06-11 17:47:34.352 [main] LoggerLoad - GET REQUEST: NoAuth
[INFO ] 2025-06-11 17:47:35.538 [main] LoggerLoad - GET REQUEST: IncorrectEndPoint
[INFO ] 2025-06-11 17:47:36.796 [main] LoggerLoad - GET REQUEST: IncorrectBaseURL
[INFO ] 2025-06-11 17:47:37.358 [main] LoggerLoad - GET REQUEST: Valid
[INFO ] 2025-06-11 17:47:38.971 [main] LoggerLoad - GET REQUEST: NonExistingUser
[INFO ] 2025-06-11 17:47:38.971 [main] LoggerLoad - GET REQUEST SKIPPED manually: NonExistingUser
[INFO ] 2025-06-11 17:47:39.057 [main] LoggerLoad - Closing Workbook
[INFO ] 2025-06-11 17:49:05.840 [main] LoggerLoad - RestAssured Swagger API Execution
[INFO ] 2025-06-11 17:49:05.842 [main] LoggerLoad - Initializing Workbook
[INFO ] 2025-06-11 17:49:05.842 [main] LoggerLoad - Initializing Excel Reader with path: src/test/resources/TestData/API_TestData.xlsx
[INFO ] 2025-06-11 17:49:13.523 [main] LoggerLoad - GET REQUEST: EmptyUsr
[INFO ] 2025-06-11 17:49:14.816 [main] LoggerLoad - GET REQUEST: EmptyPswd
[INFO ] 2025-06-11 17:49:16.038 [main] LoggerLoad - GET REQUEST: NoAuth
[INFO ] 2025-06-11 17:49:17.293 [main] LoggerLoad - GET REQUEST: IncorrectEndPoint
[INFO ] 2025-06-11 17:49:18.548 [main] LoggerLoad - GET REQUEST: IncorrectBaseURL
[INFO ] 2025-06-11 17:49:18.697 [main] LoggerLoad - GET REQUEST: Valid
[INFO ] 2025-06-11 17:49:21.315 [main] LoggerLoad - GET REQUEST: NonExistingUser
[INFO ] 2025-06-11 17:49:21.315 [main] LoggerLoad - GET REQUEST SKIPPED manually: NonExistingUser
[INFO ] 2025-06-11 17:49:21.413 [main] LoggerLoad - Closing Workbook
[INFO ] 2025-06-11 17:50:18.044 [main] LoggerLoad - RestAssured Swagger API Execution
[INFO ] 2025-06-11 17:50:18.046 [main] LoggerLoad - Initializing Workbook
[INFO ] 2025-06-11 17:50:18.046 [main] LoggerLoad - Initializing Excel Reader with path: src/test/resources/TestData/API_TestData.xlsx
[INFO ] 2025-06-11 17:50:25.682 [main] LoggerLoad - GET REQUEST: EmptyUsr
[INFO ] 2025-06-11 17:50:26.980 [main] LoggerLoad - GET REQUEST: EmptyPswd
[INFO ] 2025-06-11 17:50:28.196 [main] LoggerLoad - GET REQUEST: NoAuth
[INFO ] 2025-06-11 17:50:28.384 [main] LoggerLoad - GET REQUEST: IncorrectEndPoint
[INFO ] 2025-06-11 17:50:30.891 [main] LoggerLoad - GET REQUEST: IncorrectBaseURL
[INFO ] 2025-06-11 17:50:31.016 [main] LoggerLoad - GET REQUEST: Valid
[INFO ] 2025-06-11 17:50:32.775 [main] LoggerLoad - GET REQUEST: NonExistingUser
[INFO ] 2025-06-11 17:50:32.775 [main] LoggerLoad - GET REQUEST SKIPPED manually: NonExistingUser
[INFO ] 2025-06-11 17:50:32.882 [main] LoggerLoad - Closing Workbook
[INFO ] 2025-06-11 17:51:32.079 [main] LoggerLoad - RestAssured Swagger API Execution
[INFO ] 2025-06-11 17:51:32.080 [main] LoggerLoad - Initializing Workbook
[INFO ] 2025-06-11 17:51:32.081 [main] LoggerLoad - Initializing Excel Reader with path: src/test/resources/TestData/API_TestData.xlsx
[INFO ] 2025-06-11 17:51:38.702 [main] LoggerLoad - GET REQUEST: EmptyUsr
[INFO ] 2025-06-11 17:51:39.991 [main] LoggerLoad - GET REQUEST: EmptyPswd
[INFO ] 2025-06-11 17:51:41.179 [main] LoggerLoad - GET REQUEST: NoAuth
[INFO ] 2025-06-11 17:51:41.384 [main] LoggerLoad - GET REQUEST: IncorrectEndPoint
[INFO ] 2025-06-11 17:51:42.671 [main] LoggerLoad - GET REQUEST: IncorrectBaseURL
[INFO ] 2025-06-11 17:51:42.792 [main] LoggerLoad - GET REQUEST: Valid
[INFO ] 2025-06-11 17:51:45.408 [main] LoggerLoad - GET REQUEST: NonExistingUser
[INFO ] 2025-06-11 17:51:45.409 [main] LoggerLoad - GET REQUEST SKIPPED manually: NonExistingUser
[INFO ] 2025-06-11 17:51:45.502 [main] LoggerLoad - Closing Workbook
[INFO ] 2025-06-11 17:53:19.059 [main] LoggerLoad - RestAssured Swagger API Execution
[INFO ] 2025-06-11 17:53:19.061 [main] LoggerLoad - Initializing Workbook
[INFO ] 2025-06-11 17:53:19.061 [main] LoggerLoad - Initializing Excel Reader with path: src/test/resources/TestData/API_TestData.xlsx
[INFO ] 2025-06-11 17:53:26.688 [main] LoggerLoad - GET REQUEST: EmptyUsr
[INFO ] 2025-06-11 17:53:27.961 [main] LoggerLoad - GET REQUEST: EmptyPswd
[INFO ] 2025-06-11 17:53:28.161 [main] LoggerLoad - GET REQUEST: NoAuth
[INFO ] 2025-06-11 17:53:29.362 [main] LoggerLoad - GET REQUEST: IncorrectEndPoint
[INFO ] 2025-06-11 17:53:30.634 [main] LoggerLoad - GET REQUEST: IncorrectBaseURL
[INFO ] 2025-06-11 17:53:30.747 [main] LoggerLoad - GET REQUEST: Valid
[INFO ] 2025-06-11 17:53:33.321 [main] LoggerLoad - GET REQUEST: NonExistingUser
[INFO ] 2025-06-11 17:53:33.321 [main] LoggerLoad - GET REQUEST SKIPPED manually: NonExistingUser
[INFO ] 2025-06-11 17:53:33.422 [main] LoggerLoad - Closing Workbook
[INFO ] 2025-06-11 17:54:33.559 [main] LoggerLoad - RestAssured Swagger API Execution
[INFO ] 2025-06-11 17:54:33.560 [main] LoggerLoad - Initializing Workbook
[INFO ] 2025-06-11 17:54:33.561 [main] LoggerLoad - Initializing Excel Reader with path: src/test/resources/TestData/API_TestData.xlsx
[INFO ] 2025-06-11 17:54:41.275 [main] LoggerLoad - GET REQUEST: EmptyUsr
[INFO ] 2025-06-11 17:54:42.546 [main] LoggerLoad - GET REQUEST: EmptyPswd
[INFO ] 2025-06-11 17:54:42.756 [main] LoggerLoad - GET REQUEST: NoAuth
[INFO ] 2025-06-11 17:54:43.964 [main] LoggerLoad - GET REQUEST: IncorrectEndPoint
[INFO ] 2025-06-11 17:54:45.262 [main] LoggerLoad - GET REQUEST: IncorrectBaseURL
[INFO ] 2025-06-11 17:54:45.397 [main] LoggerLoad - GET REQUEST: Valid
[INFO ] 2025-06-11 17:54:47.982 [main] LoggerLoad - GET REQUEST: NonExistingUser
[INFO ] 2025-06-11 17:54:47.982 [main] LoggerLoad - GET REQUEST SKIPPED manually: NonExistingUser
[INFO ] 2025-06-11 17:54:48.113 [main] LoggerLoad - Closing Workbook
[INFO ] 2025-06-11 17:55:44.050 [main] LoggerLoad - RestAssured Swagger API Execution
[INFO ] 2025-06-11 17:55:44.051 [main] LoggerLoad - Initializing Workbook
[INFO ] 2025-06-11 17:55:44.052 [main] LoggerLoad - Initializing Excel Reader with path: src/test/resources/TestData/API_TestData.xlsx
[INFO ] 2025-06-11 17:55:51.730 [main] LoggerLoad - GET REQUEST: EmptyUsr
[INFO ] 2025-06-11 17:55:52.007 [main] LoggerLoad - GET REQUEST: EmptyPswd
[INFO ] 2025-06-11 17:55:53.212 [main] LoggerLoad - GET REQUEST: NoAuth
[INFO ] 2025-06-11 17:55:53.418 [main] LoggerLoad - GET REQUEST: IncorrectEndPoint
[INFO ] 2025-06-11 17:55:54.702 [main] LoggerLoad - GET REQUEST: IncorrectBaseURL
[INFO ] 2025-06-11 17:55:55.302 [main] LoggerLoad - GET REQUEST: Valid
[INFO ] 2025-06-11 17:55:57.096 [main] LoggerLoad - GET REQUEST: NonExistingUser
[INFO ] 2025-06-11 17:55:57.097 [main] LoggerLoad - GET REQUEST SKIPPED manually: NonExistingUser
[INFO ] 2025-06-11 17:55:57.209 [main] LoggerLoad - Closing Workbook
[INFO ] 2025-06-11 19:10:28.727 [main] LoggerLoad - RestAssured Swagger API Execution
[INFO ] 2025-06-11 19:10:28.729 [main] LoggerLoad - Initializing Workbook
[INFO ] 2025-06-11 19:10:28.729 [main] LoggerLoad - Initializing Excel Reader with path: src/test/resources/TestData/API_TestData.xlsx
[INFO ] 2025-06-11 19:10:35.360 [main] LoggerLoad - POST REQUEST: Valid
[INFO ] 2025-06-11 19:10:36.234 [main] LoggerLoad - Closing Workbook
[INFO ] 2025-06-11 19:11:14.064 [main] LoggerLoad - RestAssured Swagger API Execution
[INFO ] 2025-06-11 19:11:14.066 [main] LoggerLoad - Initializing Workbook
[INFO ] 2025-06-11 19:11:14.066 [main] LoggerLoad - Initializing Excel Reader with path: src/test/resources/TestData/API_TestData.xlsx
[INFO ] 2025-06-11 19:11:20.731 [main] LoggerLoad - POST REQUEST: Valid
[INFO ] 2025-06-11 19:11:21.608 [main] LoggerLoad - Closing Workbook
[INFO ] 2025-06-11 19:18:46.527 [main] LoggerLoad - RestAssured Swagger API Execution
[INFO ] 2025-06-11 19:18:46.528 [main] LoggerLoad - Initializing Workbook
[INFO ] 2025-06-11 19:18:46.529 [main] LoggerLoad - Initializing Excel Reader with path: src/test/resources/TestData/API_TestData.xlsx
[INFO ] 2025-06-11 19:18:47.034 [main] LoggerLoad - POST REQUEST: Valid
[INFO ] 2025-06-11 19:18:49.065 [main] LoggerLoad - Closing Workbook
[INFO ] 2025-06-11 19:33:31.596 [main] LoggerLoad - RestAssured Swagger API Execution
[INFO ] 2025-06-11 19:33:31.597 [main] LoggerLoad - Initializing Workbook
[INFO ] 2025-06-11 19:33:31.598 [main] LoggerLoad - Initializing Excel Reader with path: src/test/resources/TestData/API_TestData.xlsx
[INFO ] 2025-06-11 19:33:32.096 [main] LoggerLoad - POST REQUEST: EmptyUsr
[INFO ] 2025-06-11 19:33:33.518 [main] LoggerLoad - POST REQUEST: EmptyPswd
[INFO ] 2025-06-11 19:33:33.761 [main] LoggerLoad - POST REQUEST: NoAuth
[INFO ] 2025-06-11 19:33:33.979 [main] LoggerLoad - POST REQUEST: IncorrectEndPoint
[INFO ] 2025-06-11 19:33:34.246 [main] LoggerLoad - POST REQUEST: IncorrectBaseURL
[INFO ] 2025-06-11 19:33:34.397 [main] LoggerLoad - POST REQUEST: ExistingUser
[INFO ] 2025-06-11 19:33:34.601 [main] LoggerLoad - POST REQUEST: NumericFirstname
[INFO ] 2025-06-11 19:33:34.805 [main] LoggerLoad - POST REQUEST: CharFirstName
[INFO ] 2025-06-11 19:33:34.988 [main] LoggerLoad - POST REQUEST: EmptyFirstName
[INFO ] 2025-06-11 19:33:35.191 [main] LoggerLoad - POST REQUEST: NumericLastname
[INFO ] 2025-06-11 19:33:35.373 [main] LoggerLoad - POST REQUEST: CharLastName
[INFO ] 2025-06-11 19:33:35.568 [main] LoggerLoad - POST REQUEST: EmptyLastName
[INFO ] 2025-06-11 19:33:35.802 [main] LoggerLoad - POST REQUEST: EmailEmpty
[INFO ] 2025-06-11 19:33:36.000 [main] LoggerLoad - POST REQUEST: InvalidEmailFormat
[INFO ] 2025-06-11 19:33:36.222 [main] LoggerLoad - POST REQUEST: PhoneGrt10Digit
[INFO ] 2025-06-11 19:33:36.419 [main] LoggerLoad - POST REQUEST: PhoneLess10Digit
[INFO ] 2025-06-11 19:33:36.620 [main] LoggerLoad - POST REQUEST: Valid
[INFO ] 2025-06-11 19:33:37.174 [main] LoggerLoad - POST REQUEST: ValidNam
[INFO ] 2025-06-11 19:33:37.456 [main] LoggerLoad - Closing Workbook
[INFO ] 2025-06-11 20:38:31.803 [main] LoggerLoad - RestAssured Swagger API Execution
[INFO ] 2025-06-11 20:38:31.805 [main] LoggerLoad - Initializing Workbook
[INFO ] 2025-06-11 20:38:31.805 [main] LoggerLoad - Initializing Excel Reader with path: src/test/resources/TestData/API_TestData.xlsx
[INFO ] 2025-06-11 20:38:32.380 [main] LoggerLoad - POST REQUEST: Valid
[INFO ] 2025-06-11 20:38:34.320 [main] LoggerLoad - POST REQUEST: EmptyPswd
[INFO ] 2025-06-11 20:38:34.595 [main] LoggerLoad - POST REQUEST: NoAuth
[INFO ] 2025-06-11 20:38:34.986 [main] LoggerLoad - POST REQUEST: IncorrectEndPoint
[INFO ] 2025-06-11 20:38:35.256 [main] LoggerLoad - POST REQUEST: IncorrectBaseURL
[INFO ] 2025-06-11 20:38:35.416 [main] LoggerLoad - POST REQUEST: ExistingUser
[INFO ] 2025-06-11 20:38:35.619 [main] LoggerLoad - POST REQUEST: NumericFirstname
[INFO ] 2025-06-11 20:38:35.855 [main] LoggerLoad - POST REQUEST: CharFirstName
[INFO ] 2025-06-11 20:38:36.052 [main] LoggerLoad - POST REQUEST: EmptyFirstName
[INFO ] 2025-06-11 20:38:36.277 [main] LoggerLoad - POST REQUEST: NumericLastname
[INFO ] 2025-06-11 20:38:36.478 [main] LoggerLoad - POST REQUEST: CharLastName
[INFO ] 2025-06-11 20:38:36.701 [main] LoggerLoad - POST REQUEST: EmptyLastName
[INFO ] 2025-06-11 20:38:36.920 [main] LoggerLoad - POST REQUEST: EmailEmpty
[INFO ] 2025-06-11 20:38:37.121 [main] LoggerLoad - POST REQUEST: InvalidEmailFormat
[INFO ] 2025-06-11 20:38:37.330 [main] LoggerLoad - POST REQUEST: PhoneGrt10Digit
[INFO ] 2025-06-11 20:38:37.548 [main] LoggerLoad - POST REQUEST: PhoneLess10Digit
[INFO ] 2025-06-11 20:38:37.795 [main] LoggerLoad - POST REQUEST: ValidNam
[INFO ] 2025-06-11 20:38:38.074 [main] LoggerLoad - Closing Workbook
[INFO ] 2025-06-11 20:40:19.804 [main] LoggerLoad - RestAssured Swagger API Execution
[INFO ] 2025-06-11 20:40:19.805 [main] LoggerLoad - Initializing Workbook
[INFO ] 2025-06-11 20:40:19.806 [main] LoggerLoad - Initializing Excel Reader with path: src/test/resources/TestData/API_TestData.xlsx
[INFO ] 2025-06-11 20:40:20.319 [main] LoggerLoad - POST REQUEST: Valid
[INFO ] 2025-06-11 20:40:22.119 [main] LoggerLoad - POST REQUEST: EmptyPswd
[INFO ] 2025-06-11 20:40:22.376 [main] LoggerLoad - POST REQUEST: NoAuth
[INFO ] 2025-06-11 20:40:22.620 [main] LoggerLoad - POST REQUEST: IncorrectEndPoint
[INFO ] 2025-06-11 20:40:22.862 [main] LoggerLoad - POST REQUEST: IncorrectBaseURL
[INFO ] 2025-06-11 20:40:23.050 [main] LoggerLoad - POST REQUEST: ExistingUser
[INFO ] 2025-06-11 20:40:23.245 [main] LoggerLoad - POST REQUEST: NumericFirstname
[INFO ] 2025-06-11 20:40:23.449 [main] LoggerLoad - POST REQUEST: CharFirstName
[INFO ] 2025-06-11 20:40:23.665 [main] LoggerLoad - POST REQUEST: EmptyFirstName
[INFO ] 2025-06-11 20:40:23.855 [main] LoggerLoad - POST REQUEST: NumericLastname
[INFO ] 2025-06-11 20:40:24.057 [main] LoggerLoad - POST REQUEST: CharLastName
[INFO ] 2025-06-11 20:40:24.272 [main] LoggerLoad - POST REQUEST: EmptyLastName
[INFO ] 2025-06-11 20:40:24.473 [main] LoggerLoad - POST REQUEST: EmailEmpty
[INFO ] 2025-06-11 20:40:24.692 [main] LoggerLoad - POST REQUEST: InvalidEmailFormat
[INFO ] 2025-06-11 20:40:24.962 [main] LoggerLoad - POST REQUEST: PhoneGrt10Digit
[INFO ] 2025-06-11 20:40:25.221 [main] LoggerLoad - POST REQUEST: PhoneLess10Digit
[INFO ] 2025-06-11 20:40:25.434 [main] LoggerLoad - POST REQUEST: ValidNam
[INFO ] 2025-06-11 20:40:25.734 [main] LoggerLoad - Closing Workbook
[INFO ] 2025-06-11 20:42:14.145 [main] LoggerLoad - RestAssured Swagger API Execution
[INFO ] 2025-06-11 20:42:14.147 [main] LoggerLoad - Initializing Workbook
[INFO ] 2025-06-11 20:42:14.147 [main] LoggerLoad - Initializing Excel Reader with path: src/test/resources/TestData/API_TestData.xlsx
[INFO ] 2025-06-11 20:42:14.733 [main] LoggerLoad - POST REQUEST: Valid
[INFO ] 2025-06-11 20:42:17.075 [main] LoggerLoad - POST REQUEST: EmptyPswd
[INFO ] 2025-06-11 20:42:17.475 [main] LoggerLoad - POST REQUEST: NoAuth
[INFO ] 2025-06-11 20:42:17.830 [main] LoggerLoad - POST REQUEST: IncorrectEndPoint
[INFO ] 2025-06-11 20:42:18.161 [main] LoggerLoad - POST REQUEST: IncorrectBaseURL
[INFO ] 2025-06-11 20:42:18.769 [main] LoggerLoad - POST REQUEST: ExistingUser
[INFO ] 2025-06-11 20:42:19.067 [main] LoggerLoad - POST REQUEST: NumericFirstname
[INFO ] 2025-06-11 20:42:19.284 [main] LoggerLoad - POST REQUEST: CharFirstName
[INFO ] 2025-06-11 20:42:19.530 [main] LoggerLoad - POST REQUEST: EmptyFirstName
[INFO ] 2025-06-11 20:42:19.802 [main] LoggerLoad - POST REQUEST: NumericLastname
[INFO ] 2025-06-11 20:42:20.014 [main] LoggerLoad - POST REQUEST: CharLastName
[INFO ] 2025-06-11 20:42:20.256 [main] LoggerLoad - POST REQUEST: EmptyLastName
[INFO ] 2025-06-11 20:42:20.481 [main] LoggerLoad - POST REQUEST: EmailEmpty
[INFO ] 2025-06-11 20:42:20.739 [main] LoggerLoad - POST REQUEST: InvalidEmailFormat
[INFO ] 2025-06-11 20:42:21.065 [main] LoggerLoad - POST REQUEST: PhoneGrt10Digit
[INFO ] 2025-06-11 20:42:21.309 [main] LoggerLoad - POST REQUEST: PhoneLess10Digit
[INFO ] 2025-06-11 20:42:21.564 [main] LoggerLoad - POST REQUEST: ValidNam
[INFO ] 2025-06-11 20:42:21.854 [main] LoggerLoad - Closing Workbook
[INFO ] 2025-06-11 20:54:44.457 [main] LoggerLoad - RestAssured Swagger API Execution
[INFO ] 2025-06-11 20:54:44.458 [main] LoggerLoad - Initializing Workbook
[INFO ] 2025-06-11 20:54:44.458 [main] LoggerLoad - Initializing Excel Reader with path: src/test/resources/TestData/API_TestData.xlsx
[INFO ] 2025-06-11 20:54:44.940 [main] LoggerLoad - POST REQUEST: Valid
[INFO ] 2025-06-11 20:54:46.745 [main] LoggerLoad - POST REQUEST: EmptyPswd
[INFO ] 2025-06-11 20:54:47.046 [main] LoggerLoad - POST REQUEST: NoAuth
[INFO ] 2025-06-11 20:54:47.336 [main] LoggerLoad - POST REQUEST: IncorrectEndPoint
[INFO ] 2025-06-11 20:54:47.657 [main] LoggerLoad - POST REQUEST: IncorrectBaseURL
[INFO ] 2025-06-11 20:54:47.814 [main] LoggerLoad - POST REQUEST: ExistingUser
[INFO ] 2025-06-11 20:54:48.014 [main] LoggerLoad - POST REQUEST: NumericFirstname
[INFO ] 2025-06-11 20:54:48.555 [main] LoggerLoad - POST REQUEST: CharFirstName
[INFO ] 2025-06-11 20:54:48.805 [main] LoggerLoad - POST REQUEST: EmptyFirstName
[INFO ] 2025-06-11 20:54:49.011 [main] LoggerLoad - POST REQUEST: NumericLastname
[INFO ] 2025-06-11 20:54:49.215 [main] LoggerLoad - POST REQUEST: CharLastName
[INFO ] 2025-06-11 20:54:49.472 [main] LoggerLoad - POST REQUEST: EmptyLastName
[INFO ] 2025-06-11 20:54:49.674 [main] LoggerLoad - POST REQUEST: EmailEmpty
[INFO ] 2025-06-11 20:54:49.899 [main] LoggerLoad - POST REQUEST: InvalidEmailFormat
[INFO ] 2025-06-11 20:54:50.113 [main] LoggerLoad - POST REQUEST: PhoneGrt10Digit
[INFO ] 2025-06-11 20:54:50.311 [main] LoggerLoad - POST REQUEST: PhoneLess10Digit
[INFO ] 2025-06-11 20:54:50.520 [main] LoggerLoad - POST REQUEST: ValidNam
[INFO ] 2025-06-11 20:54:50.894 [main] LoggerLoad - Closing Workbook
[INFO ] 2025-06-11 20:58:52.301 [main] LoggerLoad - RestAssured Swagger API Execution
[INFO ] 2025-06-11 20:58:52.304 [main] LoggerLoad - Initializing Workbook
[INFO ] 2025-06-11 20:58:52.304 [main] LoggerLoad - Initializing Excel Reader with path: src/test/resources/TestData/API_TestData.xlsx
[INFO ] 2025-06-11 20:58:52.806 [main] LoggerLoad - POST REQUEST: Valid
[INFO ] 2025-06-11 20:58:54.616 [main] LoggerLoad - POST REQUEST: EmptyPswd
[INFO ] 2025-06-11 20:58:54.860 [main] LoggerLoad - POST REQUEST: NoAuth
[INFO ] 2025-06-11 20:58:55.119 [main] LoggerLoad - POST REQUEST: IncorrectEndPoint
[INFO ] 2025-06-11 20:58:55.377 [main] LoggerLoad - POST REQUEST: IncorrectBaseURL
[INFO ] 2025-06-11 20:58:55.526 [main] LoggerLoad - POST REQUEST: ExistingUser
[INFO ] 2025-06-11 20:58:55.765 [main] LoggerLoad - POST REQUEST: NumericFirstname
[INFO ] 2025-06-11 20:58:55.956 [main] LoggerLoad - POST REQUEST: CharFirstName
[INFO ] 2025-06-11 20:58:56.182 [main] LoggerLoad - POST REQUEST: EmptyFirstName
[INFO ] 2025-06-11 20:58:56.422 [main] LoggerLoad - POST REQUEST: NumericLastname
[INFO ] 2025-06-11 20:58:56.631 [main] LoggerLoad - POST REQUEST: CharLastName
[INFO ] 2025-06-11 20:58:56.868 [main] LoggerLoad - POST REQUEST: EmptyLastName
[INFO ] 2025-06-11 20:58:57.066 [main] LoggerLoad - POST REQUEST: EmailEmpty
[INFO ] 2025-06-11 20:58:57.265 [main] LoggerLoad - POST REQUEST: InvalidEmailFormat
[INFO ] 2025-06-11 20:58:57.461 [main] LoggerLoad - POST REQUEST: PhoneGrt10Digit
[INFO ] 2025-06-11 20:58:57.690 [main] LoggerLoad - POST REQUEST: PhoneLess10Digit
[INFO ] 2025-06-11 20:58:57.884 [main] LoggerLoad - POST REQUEST: ValidNam
[INFO ] 2025-06-11 20:58:58.180 [main] LoggerLoad - Closing Workbook
[INFO ] 2025-06-11 21:00:32.549 [main] LoggerLoad - RestAssured Swagger API Execution
[INFO ] 2025-06-11 21:00:32.551 [main] LoggerLoad - Initializing Workbook
[INFO ] 2025-06-11 21:00:32.551 [main] LoggerLoad - Initializing Excel Reader with path: src/test/resources/TestData/API_TestData.xlsx
[INFO ] 2025-06-11 21:00:33.085 [main] LoggerLoad - POST REQUEST: Valid
[INFO ] 2025-06-11 21:00:34.841 [main] LoggerLoad - POST REQUEST: EmptyPswd
[INFO ] 2025-06-11 21:00:35.188 [main] LoggerLoad - POST REQUEST: NoAuth
[INFO ] 2025-06-11 21:00:35.426 [main] LoggerLoad - POST REQUEST: IncorrectEndPoint
[INFO ] 2025-06-11 21:00:35.722 [main] LoggerLoad - POST REQUEST: IncorrectBaseURL
[INFO ] 2025-06-11 21:00:36.261 [main] LoggerLoad - POST REQUEST: ExistingUser
[INFO ] 2025-06-11 21:00:36.496 [main] LoggerLoad - POST REQUEST: NumericFirstname
[INFO ] 2025-06-11 21:00:36.707 [main] LoggerLoad - POST REQUEST: CharFirstName
[INFO ] 2025-06-11 21:00:36.904 [main] LoggerLoad - POST REQUEST: EmptyFirstName
[INFO ] 2025-06-11 21:00:37.147 [main] LoggerLoad - POST REQUEST: NumericLastname
[INFO ] 2025-06-11 21:00:37.358 [main] LoggerLoad - POST REQUEST: CharLastName
[INFO ] 2025-06-11 21:00:37.604 [main] LoggerLoad - POST REQUEST: EmptyLastName
[INFO ] 2025-06-11 21:00:37.824 [main] LoggerLoad - POST REQUEST: EmailEmpty
[INFO ] 2025-06-11 21:00:38.156 [main] LoggerLoad - POST REQUEST: InvalidEmailFormat
[INFO ] 2025-06-11 21:00:38.463 [main] LoggerLoad - POST REQUEST: PhoneGrt10Digit
[INFO ] 2025-06-11 21:00:38.758 [main] LoggerLoad - POST REQUEST: PhoneLess10Digit
[INFO ] 2025-06-11 21:00:39.037 [main] LoggerLoad - POST REQUEST: ValidNam
[INFO ] 2025-06-11 21:00:39.405 [main] LoggerLoad - Closing Workbook
[INFO ] 2025-06-11 21:05:24.458 [main] LoggerLoad - RestAssured Swagger API Execution
[INFO ] 2025-06-11 21:05:24.459 [main] LoggerLoad - Initializing Workbook
[INFO ] 2025-06-11 21:05:24.460 [main] LoggerLoad - Initializing Excel Reader with path: src/test/resources/TestData/API_TestData.xlsx
[INFO ] 2025-06-11 21:05:24.959 [main] LoggerLoad - POST REQUEST: Valid
[INFO ] 2025-06-11 21:05:26.842 [main] LoggerLoad - POST REQUEST: EmptyPswd
[INFO ] 2025-06-11 21:05:27.099 [main] LoggerLoad - POST REQUEST: EmptyUsr
[INFO ] 2025-06-11 21:05:27.352 [main] LoggerLoad - POST REQUEST: NoAuth
[INFO ] 2025-06-11 21:05:27.581 [main] LoggerLoad - POST REQUEST: IncorrectEndPoint
[INFO ] 2025-06-11 21:05:27.819 [main] LoggerLoad - POST REQUEST: IncorrectBaseURL
[INFO ] 2025-06-11 21:05:27.965 [main] LoggerLoad - POST REQUEST: ExistingUser
[INFO ] 2025-06-11 21:05:28.174 [main] LoggerLoad - POST REQUEST: NumericFirstname
[INFO ] 2025-06-11 21:05:28.400 [main] LoggerLoad - POST REQUEST: CharFirstName
[INFO ] 2025-06-11 21:05:28.870 [main] LoggerLoad - POST REQUEST: EmptyFirstName
[INFO ] 2025-06-11 21:05:29.423 [main] LoggerLoad - POST REQUEST: NumericLastname
[INFO ] 2025-06-11 21:05:29.624 [main] LoggerLoad - POST REQUEST: CharLastName
[INFO ] 2025-06-11 21:05:29.852 [main] LoggerLoad - POST REQUEST: EmptyLastName
[INFO ] 2025-06-11 21:05:30.042 [main] LoggerLoad - POST REQUEST: EmailEmpty
[INFO ] 2025-06-11 21:05:30.231 [main] LoggerLoad - POST REQUEST: InvalidEmailFormat
[INFO ] 2025-06-11 21:05:30.442 [main] LoggerLoad - POST REQUEST: PhoneGrt10Digit
[INFO ] 2025-06-11 21:05:30.664 [main] LoggerLoad - POST REQUEST: PhoneLess10Digit
[INFO ] 2025-06-11 21:05:30.874 [main] LoggerLoad - POST REQUEST: ValidNam
[INFO ] 2025-06-11 21:05:31.187 [main] LoggerLoad - Closing Workbook
[INFO ] 2025-06-11 21:13:49.539 [main] LoggerLoad - RestAssured Swagger API Execution
[INFO ] 2025-06-11 21:13:49.541 [main] LoggerLoad - Initializing Workbook
[INFO ] 2025-06-11 21:13:49.541 [main] LoggerLoad - Initializing Excel Reader with path: src/test/resources/TestData/API_TestData.xlsx
[INFO ] 2025-06-11 21:13:50.035 [main] LoggerLoad - POST REQUEST: Valid
[INFO ] 2025-06-11 21:13:51.872 [main] LoggerLoad - POST REQUEST: EmptyPswd
[INFO ] 2025-06-11 21:13:52.174 [main] LoggerLoad - POST REQUEST: EmptyUsr
[INFO ] 2025-06-11 21:13:52.384 [main] LoggerLoad - POST REQUEST: NoAuth
[INFO ] 2025-06-11 21:13:52.611 [main] LoggerLoad - POST REQUEST: IncorrectEndPoint
[INFO ] 2025-06-11 21:13:52.903 [main] LoggerLoad - POST REQUEST: IncorrectBaseURL
[INFO ] 2025-06-11 21:13:53.478 [main] LoggerLoad - POST REQUEST: ExistingUser
[INFO ] 2025-06-11 21:13:53.700 [main] LoggerLoad - POST REQUEST: NumericFirstname
[INFO ] 2025-06-11 21:13:53.903 [main] LoggerLoad - POST REQUEST: CharFirstName
[INFO ] 2025-06-11 21:13:54.107 [main] LoggerLoad - POST REQUEST: EmptyFirstName
[INFO ] 2025-06-11 21:13:54.294 [main] LoggerLoad - POST REQUEST: NumericLastname
[INFO ] 2025-06-11 21:13:54.485 [main] LoggerLoad - POST REQUEST: CharLastName
[INFO ] 2025-06-11 21:13:54.710 [main] LoggerLoad - POST REQUEST: EmptyLastName
[INFO ] 2025-06-11 21:13:54.916 [main] LoggerLoad - POST REQUEST: EmailEmpty
[INFO ] 2025-06-11 21:13:55.120 [main] LoggerLoad - POST REQUEST: InvalidEmailFormat
[INFO ] 2025-06-11 21:13:55.322 [main] LoggerLoad - POST REQUEST: PhoneGrt10Digit
[INFO ] 2025-06-11 21:13:55.539 [main] LoggerLoad - POST REQUEST: PhoneLess10Digit
[INFO ] 2025-06-11 21:13:55.727 [main] LoggerLoad - POST REQUEST: ValidNam
[INFO ] 2025-06-11 21:13:55.975 [main] LoggerLoad - Closing Workbook
[INFO ] 2025-06-11 21:15:30.618 [main] LoggerLoad - RestAssured Swagger API Execution
[INFO ] 2025-06-11 21:15:30.619 [main] LoggerLoad - Initializing Workbook
[INFO ] 2025-06-11 21:15:30.620 [main] LoggerLoad - Initializing Excel Reader with path: src/test/resources/TestData/API_TestData.xlsx
[INFO ] 2025-06-11 21:15:31.133 [main] LoggerLoad - POST REQUEST: Valid
[INFO ] 2025-06-11 21:15:32.933 [main] LoggerLoad - POST REQUEST: EmptyPswd
[INFO ] 2025-06-11 21:15:33.190 [main] LoggerLoad - POST REQUEST: EmptyUsr
[INFO ] 2025-06-11 21:15:33.408 [main] LoggerLoad - POST REQUEST: NoAuth
[INFO ] 2025-06-11 21:15:33.613 [main] LoggerLoad - POST REQUEST: IncorrectEndPoint
[INFO ] 2025-06-11 21:15:33.881 [main] LoggerLoad - POST REQUEST: IncorrectBaseURL
[INFO ] 2025-06-11 21:15:34.041 [main] LoggerLoad - POST REQUEST: ExistingUser
[INFO ] 2025-06-11 21:15:34.271 [main] LoggerLoad - POST REQUEST: NumericFirstname
[INFO ] 2025-06-11 21:15:34.498 [main] LoggerLoad - POST REQUEST: CharFirstName
[INFO ] 2025-06-11 21:15:34.675 [main] LoggerLoad - POST REQUEST: EmptyFirstName
[INFO ] 2025-06-11 21:15:34.911 [main] LoggerLoad - POST REQUEST: NumericLastname
[INFO ] 2025-06-11 21:15:35.133 [main] LoggerLoad - POST REQUEST: CharLastName
[INFO ] 2025-06-11 21:15:35.363 [main] LoggerLoad - POST REQUEST: EmptyLastName
[INFO ] 2025-06-11 21:15:35.577 [main] LoggerLoad - POST REQUEST: EmailEmpty
[INFO ] 2025-06-11 21:15:35.784 [main] LoggerLoad - POST REQUEST: InvalidEmailFormat
[INFO ] 2025-06-11 21:15:36.004 [main] LoggerLoad - POST REQUEST: PhoneGrt10Digit
[INFO ] 2025-06-11 21:15:36.217 [main] LoggerLoad - POST REQUEST: PhoneLess10Digit
[INFO ] 2025-06-11 21:15:36.449 [main] LoggerLoad - POST REQUEST: ValidNam
[INFO ] 2025-06-11 21:15:36.738 [main] LoggerLoad - Closing Workbook
[INFO ] 2025-06-11 21:22:52.122 [main] LoggerLoad - RestAssured Swagger API Execution
[INFO ] 2025-06-11 21:22:52.124 [main] LoggerLoad - Initializing Workbook
[INFO ] 2025-06-11 21:22:52.124 [main] LoggerLoad - Initializing Excel Reader with path: src/test/resources/TestData/API_TestData.xlsx
[INFO ] 2025-06-11 21:22:52.612 [main] LoggerLoad - POST REQUEST: Valid
[INFO ] 2025-06-11 21:22:54.409 [main] LoggerLoad - POST REQUEST: EmptyPswd
[INFO ] 2025-06-11 21:22:54.676 [main] LoggerLoad - POST REQUEST: EmptyUsr
[INFO ] 2025-06-11 21:22:54.905 [main] LoggerLoad - POST REQUEST: NoAuth
[INFO ] 2025-06-11 21:22:55.205 [main] LoggerLoad - POST REQUEST: IncorrectEndPoint
[INFO ] 2025-06-11 21:22:55.494 [main] LoggerLoad - POST REQUEST: IncorrectBaseURL
[INFO ] 2025-06-11 21:22:56.064 [main] LoggerLoad - POST REQUEST: ExistingUser
[INFO ] 2025-06-11 21:22:56.266 [main] LoggerLoad - POST REQUEST: ValidNam
[INFO ] 2025-06-11 21:22:56.578 [main] LoggerLoad - Closing Workbook
[INFO ] 2025-06-11 21:31:12.903 [main] LoggerLoad - RestAssured Swagger API Execution
[INFO ] 2025-06-11 21:31:12.905 [main] LoggerLoad - Initializing Workbook
[INFO ] 2025-06-11 21:31:12.905 [main] LoggerLoad - Initializing Excel Reader with path: src/test/resources/TestData/API_TestData.xlsx
[INFO ] 2025-06-11 21:31:13.458 [main] LoggerLoad - POST REQUEST: Valid
[INFO ] 2025-06-11 21:31:15.306 [main] LoggerLoad - POST REQUEST: EmptyPswd
[INFO ] 2025-06-11 21:31:15.535 [main] LoggerLoad - POST REQUEST: EmptyUsr
[INFO ] 2025-06-11 21:31:15.717 [main] LoggerLoad - POST REQUEST: NoAuth
[INFO ] 2025-06-11 21:31:15.937 [main] LoggerLoad - POST REQUEST: IncorrectEndPoint
[INFO ] 2025-06-11 21:31:16.172 [main] LoggerLoad - POST REQUEST: IncorrectBaseURL
[INFO ] 2025-06-11 21:31:16.375 [main] LoggerLoad - POST REQUEST: ExistingUser
[INFO ] 2025-06-11 21:31:16.497 [main] LoggerLoad - POST REQUEST: ValidNam
[INFO ] 2025-06-11 21:31:16.780 [main] LoggerLoad - Closing Workbook
[INFO ] 2025-06-11 21:33:43.236 [main] LoggerLoad - RestAssured Swagger API Execution
[INFO ] 2025-06-11 21:33:43.238 [main] LoggerLoad - Initializing Workbook
[INFO ] 2025-06-11 21:33:43.238 [main] LoggerLoad - Initializing Excel Reader with path: src/test/resources/TestData/API_TestData.xlsx
[INFO ] 2025-06-11 21:33:43.732 [main] LoggerLoad - POST REQUEST: Valid
[INFO ] 2025-06-11 21:33:45.693 [main] LoggerLoad - POST REQUEST: EmptyPswd
[INFO ] 2025-06-11 21:33:45.955 [main] LoggerLoad - POST REQUEST: EmptyUsr
[INFO ] 2025-06-11 21:33:46.186 [main] LoggerLoad - POST REQUEST: NoAuth
[INFO ] 2025-06-11 21:33:46.421 [main] LoggerLoad - POST REQUEST: IncorrectEndPoint
[INFO ] 2025-06-11 21:33:46.719 [main] LoggerLoad - POST REQUEST: IncorrectBaseURL
[INFO ] 2025-06-11 21:33:46.945 [main] LoggerLoad - POST REQUEST: ExistingUser
[INFO ] 2025-06-11 21:33:47.537 [main] LoggerLoad - POST REQUEST: ValidNam
[INFO ] 2025-06-11 21:33:47.807 [main] LoggerLoad - Closing Workbook
[INFO ] 2025-06-11 21:37:27.398 [main] LoggerLoad - RestAssured Swagger API Execution
[INFO ] 2025-06-11 21:37:27.400 [main] LoggerLoad - Initializing Workbook
[INFO ] 2025-06-11 21:37:27.400 [main] LoggerLoad - Initializing Excel Reader with path: src/test/resources/TestData/API_TestData.xlsx
[INFO ] 2025-06-11 21:37:27.886 [main] LoggerLoad - POST REQUEST: Valid
[INFO ] 2025-06-11 21:37:29.787 [main] LoggerLoad - POST REQUEST: EmptyPswd
[INFO ] 2025-06-11 21:37:30.016 [main] LoggerLoad - POST REQUEST: EmptyUsr
[INFO ] 2025-06-11 21:37:30.213 [main] LoggerLoad - POST REQUEST: NoAuth
[INFO ] 2025-06-11 21:37:30.435 [main] LoggerLoad - POST REQUEST: IncorrectEndPoint
[INFO ] 2025-06-11 21:37:30.686 [main] LoggerLoad - POST REQUEST: IncorrectBaseURL
[INFO ] 2025-06-11 21:37:30.881 [main] LoggerLoad - POST REQUEST: ExistingUser
[INFO ] 2025-06-11 21:37:31.089 [main] LoggerLoad - POST REQUEST: ValidNam
[INFO ] 2025-06-11 21:37:31.409 [main] LoggerLoad - Closing Workbook
[INFO ] 2025-06-11 21:42:42.627 [main] LoggerLoad - RestAssured Swagger API Execution
[INFO ] 2025-06-11 21:42:42.629 [main] LoggerLoad - Initializing Workbook
[INFO ] 2025-06-11 21:42:42.629 [main] LoggerLoad - Initializing Excel Reader with path: src/test/resources/TestData/API_TestData.xlsx
[INFO ] 2025-06-11 21:42:43.144 [main] LoggerLoad - POST REQUEST: Valid
[INFO ] 2025-06-11 21:42:45.132 [main] LoggerLoad - POST REQUEST: EmptyPswd
[INFO ] 2025-06-11 21:42:45.336 [main] LoggerLoad - POST REQUEST: EmptyUsr
[INFO ] 2025-06-11 21:42:45.538 [main] LoggerLoad - POST REQUEST: NoAuth
[INFO ] 2025-06-11 21:42:45.754 [main] LoggerLoad - POST REQUEST: IncorrectEndPoint
[INFO ] 2025-06-11 21:42:46.005 [main] LoggerLoad - POST REQUEST: IncorrectBaseURL
[INFO ] 2025-06-11 21:42:46.197 [main] LoggerLoad - POST REQUEST: ExistingUser
[INFO ] 2025-06-11 21:42:46.414 [main] LoggerLoad - POST REQUEST: ValidNam
[INFO ] 2025-06-11 21:42:46.677 [main] LoggerLoad - Closing Workbook
[INFO ] 2025-06-11 21:48:21.086 [main] LoggerLoad - RestAssured Swagger API Execution
[INFO ] 2025-06-11 21:48:21.088 [main] LoggerLoad - Initializing Workbook
[INFO ] 2025-06-11 21:48:21.088 [main] LoggerLoad - Initializing Excel Reader with path: src/test/resources/TestData/API_TestData.xlsx
[INFO ] 2025-06-11 21:48:21.636 [main] LoggerLoad - POST REQUEST: Valid
[INFO ] 2025-06-11 21:48:23.677 [main] LoggerLoad - POST REQUEST: EmptyPswd
[INFO ] 2025-06-11 21:48:23.902 [main] LoggerLoad - POST REQUEST: EmptyUsr
[INFO ] 2025-06-11 21:48:24.145 [main] LoggerLoad - POST REQUEST: NoAuth
[INFO ] 2025-06-11 21:48:24.324 [main] LoggerLoad - POST REQUEST: IncorrectEndPoint
[INFO ] 2025-06-11 21:48:24.560 [main] LoggerLoad - POST REQUEST: IncorrectBaseURL
[INFO ] 2025-06-11 21:48:24.754 [main] LoggerLoad - POST REQUEST: ExistingUser
[INFO ] 2025-06-11 21:48:24.967 [main] LoggerLoad - POST REQUEST: ValidNam
[INFO ] 2025-06-11 21:48:25.266 [main] LoggerLoad - Closing Workbook
[INFO ] 2025-06-11 21:52:22.057 [main] LoggerLoad - RestAssured Swagger API Execution
[INFO ] 2025-06-11 21:52:22.059 [main] LoggerLoad - Initializing Workbook
[INFO ] 2025-06-11 21:52:22.059 [main] LoggerLoad - Initializing Excel Reader with path: src/test/resources/TestData/API_TestData.xlsx
[INFO ] 2025-06-11 21:52:22.551 [main] LoggerLoad - GET REQUEST: EmptyUsr
[INFO ] 2025-06-11 21:52:23.886 [main] LoggerLoad - GET REQUEST: EmptyPswd
[INFO ] 2025-06-11 21:52:24.095 [main] LoggerLoad - GET REQUEST: NoAuth
[INFO ] 2025-06-11 21:52:24.297 [main] LoggerLoad - GET REQUEST: IncorrectEndPoint
[INFO ] 2025-06-11 21:52:24.581 [main] LoggerLoad - GET REQUEST: IncorrectBaseURL
[INFO ] 2025-06-11 21:52:24.773 [main] LoggerLoad - GET REQUEST: Valid
[INFO ] 2025-06-11 21:52:26.445 [main] LoggerLoad - GET REQUEST: NonExistingUser
[INFO ] 2025-06-11 21:52:26.446 [main] LoggerLoad - GET REQUEST SKIPPED manually: NonExistingUser
[INFO ] 2025-06-11 21:52:26.572 [main] LoggerLoad - Closing Workbook
[INFO ] 2025-06-11 21:53:23.288 [main] LoggerLoad - RestAssured Swagger API Execution
[INFO ] 2025-06-11 21:53:23.289 [main] LoggerLoad - Initializing Workbook
[INFO ] 2025-06-11 21:53:23.289 [main] LoggerLoad - Initializing Excel Reader with path: src/test/resources/TestData/API_TestData.xlsx
[INFO ] 2025-06-11 21:53:23.780 [main] LoggerLoad - GET REQUEST: EmptyUsr
[INFO ] 2025-06-11 21:53:25.180 [main] LoggerLoad - GET REQUEST: EmptyPswd
[INFO ] 2025-06-11 21:53:25.407 [main] LoggerLoad - GET REQUEST: NoAuth
[INFO ] 2025-06-11 21:53:25.592 [main] LoggerLoad - GET REQUEST: IncorrectEndPoint
[INFO ] 2025-06-11 21:53:25.887 [main] LoggerLoad - GET REQUEST: IncorrectBaseURL
[INFO ] 2025-06-11 21:53:26.429 [main] LoggerLoad - GET REQUEST: Valid
[INFO ] 2025-06-11 21:53:27.330 [main] LoggerLoad - GET REQUEST: NonExistingUser
[INFO ] 2025-06-11 21:53:27.330 [main] LoggerLoad - GET REQUEST SKIPPED manually: NonExistingUser
[INFO ] 2025-06-11 21:53:27.411 [main] LoggerLoad - Closing Workbook
[INFO ] 2025-06-11 21:55:47.526 [main] LoggerLoad - RestAssured Swagger API Execution
[INFO ] 2025-06-11 21:55:47.527 [main] LoggerLoad - Initializing Workbook
[INFO ] 2025-06-11 21:55:47.527 [main] LoggerLoad - Initializing Excel Reader with path: src/test/resources/TestData/API_TestData.xlsx
[INFO ] 2025-06-11 21:55:48.060 [main] LoggerLoad - GET REQUEST: EmptyUsr
[INFO ] 2025-06-11 21:55:49.419 [main] LoggerLoad - GET REQUEST: EmptyPswd
[INFO ] 2025-06-11 21:55:49.641 [main] LoggerLoad - GET REQUEST: NoAuth
[INFO ] 2025-06-11 21:55:49.860 [main] LoggerLoad - GET REQUEST: IncorrectEndPoint
[INFO ] 2025-06-11 21:55:50.119 [main] LoggerLoad - GET REQUEST: IncorrectBaseURL
[INFO ] 2025-06-11 21:55:50.266 [main] LoggerLoad - GET REQUEST: Valid
[INFO ] 2025-06-11 21:55:51.088 [main] LoggerLoad - GET REQUEST: NonExistingUser
[INFO ] 2025-06-11 21:55:51.245 [main] LoggerLoad - Closing Workbook
[INFO ] 2025-06-11 21:58:17.707 [main] LoggerLoad - RestAssured Swagger API Execution
[INFO ] 2025-06-11 21:58:17.708 [main] LoggerLoad - Initializing Workbook
[INFO ] 2025-06-11 21:58:17.708 [main] LoggerLoad - Initializing Excel Reader with path: src/test/resources/TestData/API_TestData.xlsx
[INFO ] 2025-06-11 21:58:18.190 [main] LoggerLoad - GET REQUEST: EmptyUsr
[INFO ] 2025-06-11 21:58:19.572 [main] LoggerLoad - GET REQUEST: EmptyPswd
[INFO ] 2025-06-11 21:58:19.774 [main] LoggerLoad - GET REQUEST: NoAuth
[INFO ] 2025-06-11 21:58:20.022 [main] LoggerLoad - GET REQUEST: IncorrectEndPoint
[INFO ] 2025-06-11 21:58:20.272 [main] LoggerLoad - GET REQUEST: IncorrectBaseURL
[INFO ] 2025-06-11 21:58:20.406 [main] LoggerLoad - GET REQUEST: Valid
[INFO ] 2025-06-11 21:58:21.405 [main] LoggerLoad - Closing Workbook
[INFO ] 2025-06-11 21:59:20.456 [main] LoggerLoad - RestAssured Swagger API Execution
[INFO ] 2025-06-11 21:59:20.458 [main] LoggerLoad - Initializing Workbook
[INFO ] 2025-06-11 21:59:20.458 [main] LoggerLoad - Initializing Excel Reader with path: src/test/resources/TestData/API_TestData.xlsx
[INFO ] 2025-06-11 21:59:20.965 [main] LoggerLoad - GET REQUEST: EmptyUsr
[INFO ] 2025-06-11 21:59:22.329 [main] LoggerLoad - GET REQUEST: EmptyPswd
[INFO ] 2025-06-11 21:59:22.526 [main] LoggerLoad - GET REQUEST: NoAuth
[INFO ] 2025-06-11 21:59:22.724 [main] LoggerLoad - GET REQUEST: IncorrectEndPoint
[INFO ] 2025-06-11 21:59:23.022 [main] LoggerLoad - GET REQUEST: IncorrectBaseURL
[INFO ] 2025-06-11 21:59:23.189 [main] LoggerLoad - GET REQUEST: Valid
[INFO ] 2025-06-11 21:59:24.166 [main] LoggerLoad - Closing Workbook
[INFO ] 2025-06-11 22:01:14.949 [main] LoggerLoad - RestAssured Swagger API Execution
[INFO ] 2025-06-11 22:01:14.951 [main] LoggerLoad - Initializing Workbook
[INFO ] 2025-06-11 22:01:14.951 [main] LoggerLoad - Initializing Excel Reader with path: src/test/resources/TestData/API_TestData.xlsx
[INFO ] 2025-06-11 22:01:15.454 [main] LoggerLoad - GET REQUEST: EmptyUsr
[INFO ] 2025-06-11 22:01:16.865 [main] LoggerLoad - GET REQUEST: EmptyPswd
[INFO ] 2025-06-11 22:01:17.092 [main] LoggerLoad - GET REQUEST: NoAuth
[INFO ] 2025-06-11 22:01:17.287 [main] LoggerLoad - GET REQUEST: IncorrectEndPoint
[INFO ] 2025-06-11 22:01:17.669 [main] LoggerLoad - GET REQUEST: IncorrectBaseURL
[INFO ] 2025-06-11 22:01:17.871 [main] LoggerLoad - GET REQUEST: Valid
[INFO ] 2025-06-11 22:01:19.147 [main] LoggerLoad - Closing Workbook
[INFO ] 2025-06-11 22:02:37.556 [main] LoggerLoad - RestAssured Swagger API Execution
[INFO ] 2025-06-11 22:02:37.557 [main] LoggerLoad - Initializing Workbook
[INFO ] 2025-06-11 22:02:37.558 [main] LoggerLoad - Initializing Excel Reader with path: src/test/resources/TestData/API_TestData.xlsx
[INFO ] 2025-06-11 22:02:38.037 [main] LoggerLoad - GET REQUEST: EmptyUsr
[INFO ] 2025-06-11 22:02:39.440 [main] LoggerLoad - GET REQUEST: EmptyPswd
[INFO ] 2025-06-11 22:02:39.686 [main] LoggerLoad - GET REQUEST: NoAuth
[INFO ] 2025-06-11 22:02:39.922 [main] LoggerLoad - GET REQUEST: IncorrectEndPoint
[INFO ] 2025-06-11 22:02:40.189 [main] LoggerLoad - GET REQUEST: IncorrectBaseURL
[INFO ] 2025-06-11 22:02:40.316 [main] LoggerLoad - GET REQUEST: Valid
[INFO ] 2025-06-11 22:02:41.561 [main] LoggerLoad - Closing Workbook
[INFO ] 2025-06-11 22:04:41.136 [main] LoggerLoad - RestAssured Swagger API Execution
[INFO ] 2025-06-11 22:04:41.138 [main] LoggerLoad - Initializing Workbook
[INFO ] 2025-06-11 22:04:41.138 [main] LoggerLoad - Initializing Excel Reader with path: src/test/resources/TestData/API_TestData.xlsx
[INFO ] 2025-06-11 22:04:41.639 [main] LoggerLoad - GET REQUEST: EmptyUsr
[INFO ] 2025-06-11 22:04:42.984 [main] LoggerLoad - GET REQUEST: EmptyPswd
[INFO ] 2025-06-11 22:04:43.208 [main] LoggerLoad - GET REQUEST: NoAuth
[INFO ] 2025-06-11 22:04:43.405 [main] LoggerLoad - GET REQUEST: IncorrectEndPoint
[INFO ] 2025-06-11 22:04:43.682 [main] LoggerLoad - GET REQUEST: IncorrectBaseURL
[INFO ] 2025-06-11 22:04:43.829 [main] LoggerLoad - GET REQUEST: Valid
[INFO ] 2025-06-11 22:04:44.791 [main] LoggerLoad - Closing Workbook
[INFO ] 2025-06-11 22:05:15.802 [main] LoggerLoad - RestAssured Swagger API Execution
[INFO ] 2025-06-11 22:05:15.804 [main] LoggerLoad - Initializing Workbook
[INFO ] 2025-06-11 22:05:15.804 [main] LoggerLoad - Initializing Excel Reader with path: src/test/resources/TestData/API_TestData.xlsx
[INFO ] 2025-06-11 22:05:16.304 [main] LoggerLoad - GET REQUEST: EmptyUsr
[INFO ] 2025-06-11 22:05:17.665 [main] LoggerLoad - GET REQUEST: EmptyPswd
[INFO ] 2025-06-11 22:05:17.872 [main] LoggerLoad - GET REQUEST: NoAuth
[INFO ] 2025-06-11 22:05:18.093 [main] LoggerLoad - GET REQUEST: IncorrectEndPoint
[INFO ] 2025-06-11 22:05:18.359 [main] LoggerLoad - GET REQUEST: IncorrectBaseURL
[INFO ] 2025-06-11 22:05:18.489 [main] LoggerLoad - GET REQUEST: Valid
[INFO ] 2025-06-11 22:05:19.392 [main] LoggerLoad - Closing Workbook
[INFO ] 2025-06-11 22:07:12.613 [main] LoggerLoad - RestAssured Swagger API Execution
[INFO ] 2025-06-11 22:07:12.615 [main] LoggerLoad - Initializing Workbook
[INFO ] 2025-06-11 22:07:12.615 [main] LoggerLoad - Initializing Excel Reader with path: src/test/resources/TestData/API_TestData.xlsx
[INFO ] 2025-06-11 22:07:13.093 [main] LoggerLoad - GET REQUEST: EmptyUsr
[INFO ] 2025-06-11 22:07:14.469 [main] LoggerLoad - GET REQUEST: EmptyPswd
[INFO ] 2025-06-11 22:07:14.675 [main] LoggerLoad - GET REQUEST: NoAuth
[INFO ] 2025-06-11 22:07:14.865 [main] LoggerLoad - GET REQUEST: IncorrectEndPoint
[INFO ] 2025-06-11 22:07:15.141 [main] LoggerLoad - GET REQUEST: IncorrectBaseURL
[INFO ] 2025-06-11 22:07:15.265 [main] LoggerLoad - GET REQUEST: Valid
[INFO ] 2025-06-11 22:07:16.232 [main] LoggerLoad - Closing Workbook
[INFO ] 2025-06-11 22:07:55.086 [main] LoggerLoad - RestAssured Swagger API Execution
[INFO ] 2025-06-11 22:07:55.088 [main] LoggerLoad - Initializing Workbook
[INFO ] 2025-06-11 22:07:55.088 [main] LoggerLoad - Initializing Excel Reader with path: src/test/resources/TestData/API_TestData.xlsx
[INFO ] 2025-06-11 22:07:55.557 [main] LoggerLoad - GET REQUEST: EmptyUsr
[INFO ] 2025-06-11 22:07:56.886 [main] LoggerLoad - GET REQUEST: EmptyPswd
[INFO ] 2025-06-11 22:07:57.087 [main] LoggerLoad - GET REQUEST: NoAuth
[INFO ] 2025-06-11 22:07:57.273 [main] LoggerLoad - GET REQUEST: IncorrectEndPoint
[INFO ] 2025-06-11 22:07:57.536 [main] LoggerLoad - GET REQUEST: IncorrectBaseURL
[INFO ] 2025-06-11 22:07:57.659 [main] LoggerLoad - GET REQUEST: Valid
[INFO ] 2025-06-11 22:07:58.562 [main] LoggerLoad - Closing Workbook
[INFO ] 2025-06-11 22:12:00.633 [main] LoggerLoad - RestAssured Swagger API Execution
[INFO ] 2025-06-11 22:12:00.636 [main] LoggerLoad - Initializing Workbook
[INFO ] 2025-06-11 22:12:00.636 [main] LoggerLoad - Initializing Excel Reader with path: src/test/resources/TestData/API_TestData.xlsx
[INFO ] 2025-06-11 22:12:01.107 [main] LoggerLoad - GET REQUEST: EmptyUsr
[INFO ] 2025-06-11 22:12:02.432 [main] LoggerLoad - GET REQUEST: EmptyPswd
[INFO ] 2025-06-11 22:12:02.659 [main] LoggerLoad - GET REQUEST: NoAuth
[INFO ] 2025-06-11 22:12:02.871 [main] LoggerLoad - GET REQUEST: IncorrectEndPoint
[INFO ] 2025-06-11 22:12:03.128 [main] LoggerLoad - GET REQUEST: IncorrectBaseURL
[INFO ] 2025-06-11 22:12:03.246 [main] LoggerLoad - GET REQUEST: Valid
[INFO ] 2025-06-11 22:12:04.070 [main] LoggerLoad - POST REQUEST: Valid
[INFO ] 2025-06-11 22:12:04.795 [main] LoggerLoad - POST REQUEST: EmptyPswd
[INFO ] 2025-06-11 22:12:05.035 [main] LoggerLoad - POST REQUEST: EmptyUsr
[INFO ] 2025-06-11 22:12:05.215 [main] LoggerLoad - POST REQUEST: NoAuth
[INFO ] 2025-06-11 22:12:05.412 [main] LoggerLoad - POST REQUEST: IncorrectEndPoint
[INFO ] 2025-06-11 22:12:05.675 [main] LoggerLoad - POST REQUEST: IncorrectBaseURL
[INFO ] 2025-06-11 22:12:05.868 [main] LoggerLoad - POST REQUEST: ExistingUser
[INFO ] 2025-06-11 22:12:06.068 [main] LoggerLoad - POST REQUEST: ValidNam
[INFO ] 2025-06-11 22:12:06.257 [main] LoggerLoad - PUT REQUEST By ID: Valid
[INFO ] 2025-06-11 22:12:06.257 [main] LoggerLoad - POST REQUEST: Valid
[INFO ] 2025-06-11 22:12:06.553 [main] LoggerLoad - PUT REQUEST By ID: CharFirstName
[INFO ] 2025-06-11 22:12:06.553 [main] LoggerLoad - POST REQUEST: CharFirstName
[INFO ] 2025-06-11 22:12:06.960 [main] LoggerLoad - PUT REQUEST By ID: EmptyFirstName
[INFO ] 2025-06-11 22:12:06.960 [main] LoggerLoad - POST REQUEST: EmptyFirstName
[INFO ] 2025-06-11 22:12:07.225 [main] LoggerLoad - PUT REQUEST By ID: NumericLastname
[INFO ] 2025-06-11 22:12:07.225 [main] LoggerLoad - POST REQUEST: NumericLastname
[INFO ] 2025-06-11 22:12:07.453 [main] LoggerLoad - PUT REQUEST By ID: CharLastName
[INFO ] 2025-06-11 22:12:07.453 [main] LoggerLoad - POST REQUEST: CharLastName
[INFO ] 2025-06-11 22:12:07.646 [main] LoggerLoad - PUT REQUEST By ID: EmptyLastName
[INFO ] 2025-06-11 22:12:07.646 [main] LoggerLoad - POST REQUEST: EmptyLastName
[INFO ] 2025-06-11 22:12:07.856 [main] LoggerLoad - PUT REQUEST By ID: PhoneGrt10Digit
[INFO ] 2025-06-11 22:12:07.856 [main] LoggerLoad - POST REQUEST: PhoneGrt10Digit
[INFO ] 2025-06-11 22:12:08.057 [main] LoggerLoad - PUT REQUEST By ID: PhoneLess10Digit
[INFO ] 2025-06-11 22:12:08.057 [main] LoggerLoad - POST REQUEST: PhoneLess10Digit
[INFO ] 2025-06-11 22:12:08.280 [main] LoggerLoad - PUT REQUEST By ID: EmptyPhone
[INFO ] 2025-06-11 22:12:08.280 [main] LoggerLoad - POST REQUEST: EmptyPhone
[INFO ] 2025-06-11 22:12:08.534 [main] LoggerLoad - PUT REQUEST By ID: EmailEmpty
[INFO ] 2025-06-11 22:12:08.534 [main] LoggerLoad - POST REQUEST: EmailEmpty
[INFO ] 2025-06-11 22:12:08.773 [main] LoggerLoad - PUT REQUEST By ID: EmptyUsr
[INFO ] 2025-06-11 22:12:08.773 [main] LoggerLoad - POST REQUEST: EmptyUsr
[INFO ] 2025-06-11 22:12:08.998 [main] LoggerLoad - PUT REQUEST By ID: EmptyPswd
[INFO ] 2025-06-11 22:12:09.003 [main] LoggerLoad - POST REQUEST: EmptyPswd
[INFO ] 2025-06-11 22:12:09.195 [main] LoggerLoad - PUT REQUEST By ID: IncorrectBaseURL
[INFO ] 2025-06-11 22:12:09.195 [main] LoggerLoad - POST REQUEST: IncorrectBaseURL
[INFO ] 2025-06-11 22:12:09.483 [main] LoggerLoad - PUT REQUEST By ID: NoAuth
[INFO ] 2025-06-11 22:12:09.484 [main] LoggerLoad - POST REQUEST: NoAuth
[INFO ] 2025-06-11 22:12:09.690 [main] LoggerLoad - PUT REQUEST By ID: IncorrectEndPoint
[INFO ] 2025-06-11 22:12:09.690 [main] LoggerLoad - POST REQUEST: IncorrectEndPoint
[INFO ] 2025-06-11 22:12:09.879 [main] LoggerLoad - DELETE REQUEST By Name: InvalidChar
[INFO ] 2025-06-11 22:12:09.882 [main] LoggerLoad - DELETE REQUEST By Name: EmptyUsr
[INFO ] 2025-06-11 22:12:10.095 [main] LoggerLoad - DELETE REQUEST By Name: EmptyPswd
[INFO ] 2025-06-11 22:12:10.328 [main] LoggerLoad - DELETE REQUEST By Name: NoAuth
[INFO ] 2025-06-11 22:12:10.530 [main] LoggerLoad - DELETE REQUEST By Name: IncorrectBaseURL
[INFO ] 2025-06-11 22:12:10.653 [main] LoggerLoad - DELETE REQUEST By Name: IncorrectEndPoint
[INFO ] 2025-06-11 22:12:10.875 [main] LoggerLoad - DELETE REQUEST By Name: NonExistingUser
[INFO ] 2025-06-11 22:12:11.089 [main] LoggerLoad - DELETE REQUEST By Name: Valid
[INFO ] 2025-06-11 22:12:11.387 [main] LoggerLoad - Closing Workbook
[INFO ] 2025-06-11 22:13:51.373 [main] LoggerLoad - RestAssured Swagger API Execution
[INFO ] 2025-06-11 22:13:51.375 [main] LoggerLoad - Initializing Workbook
[INFO ] 2025-06-11 22:13:51.375 [main] LoggerLoad - Initializing Excel Reader with path: src/test/resources/TestData/API_TestData.xlsx
[INFO ] 2025-06-11 22:13:51.881 [main] LoggerLoad - GET REQUEST: EmptyUsr
[INFO ] 2025-06-11 22:13:53.240 [main] LoggerLoad - GET REQUEST: EmptyPswd
[INFO ] 2025-06-11 22:13:53.452 [main] LoggerLoad - GET REQUEST: NoAuth
[INFO ] 2025-06-11 22:13:53.632 [main] LoggerLoad - GET REQUEST: IncorrectEndPoint
[INFO ] 2025-06-11 22:13:53.918 [main] LoggerLoad - GET REQUEST: IncorrectBaseURL
[INFO ] 2025-06-11 22:13:54.470 [main] LoggerLoad - GET REQUEST: Valid
[INFO ] 2025-06-11 22:13:55.351 [main] LoggerLoad - POST REQUEST: Valid
[INFO ] 2025-06-11 22:13:56.080 [main] LoggerLoad - POST REQUEST: EmptyPswd
[INFO ] 2025-06-11 22:13:56.282 [main] LoggerLoad - POST REQUEST: EmptyUsr
[INFO ] 2025-06-11 22:13:56.493 [main] LoggerLoad - POST REQUEST: NoAuth
[INFO ] 2025-06-11 22:13:56.680 [main] LoggerLoad - POST REQUEST: IncorrectEndPoint
[INFO ] 2025-06-11 22:13:56.940 [main] LoggerLoad - POST REQUEST: IncorrectBaseURL
[INFO ] 2025-06-11 22:13:57.191 [main] LoggerLoad - POST REQUEST: ExistingUser
[INFO ] 2025-06-11 22:13:57.418 [main] LoggerLoad - POST REQUEST: ValidNam
[INFO ] 2025-06-11 22:13:57.650 [main] LoggerLoad - GET REQUEST By ID: EmptyUsr
[INFO ] 2025-06-11 22:13:57.864 [main] LoggerLoad - GET REQUEST By ID: EmptyPswd
[INFO ] 2025-06-11 22:13:58.054 [main] LoggerLoad - GET REQUEST By ID: NoAuth
[INFO ] 2025-06-11 22:13:58.270 [main] LoggerLoad - GET REQUEST By ID: IncorrectEndPoint
[INFO ] 2025-06-11 22:13:58.508 [main] LoggerLoad - GET REQUEST By ID: IncorrectBaseURL
[INFO ] 2025-06-11 22:13:59.036 [main] LoggerLoad - GET REQUEST By ID: Valid
[INFO ] 2025-06-11 22:13:59.239 [main] LoggerLoad - GET REQUEST By Name: EmptyUsr
[INFO ] 2025-06-11 22:13:59.479 [main] LoggerLoad - GET REQUEST By Name: EmptyPswd
[INFO ] 2025-06-11 22:13:59.682 [main] LoggerLoad - GET REQUEST By Name: NoAuth
[INFO ] 2025-06-11 22:13:59.877 [main] LoggerLoad - GET REQUEST By Name: IncorrectEndPoint
[INFO ] 2025-06-11 22:14:00.080 [main] LoggerLoad - GET REQUEST By Name: IncorrectBaseURL
[INFO ] 2025-06-11 22:14:00.591 [main] LoggerLoad - GET REQUEST By Name: Valid
[INFO ] 2025-06-11 22:14:00.796 [main] LoggerLoad - PUT REQUEST By ID: Valid
[INFO ] 2025-06-11 22:14:00.796 [main] LoggerLoad - POST REQUEST: Valid
[INFO ] 2025-06-11 22:14:01.122 [main] LoggerLoad - PUT REQUEST By ID: CharFirstName
[INFO ] 2025-06-11 22:14:01.123 [main] LoggerLoad - POST REQUEST: CharFirstName
[INFO ] 2025-06-11 22:14:01.474 [main] LoggerLoad - PUT REQUEST By ID: EmptyFirstName
[INFO ] 2025-06-11 22:14:01.474 [main] LoggerLoad - POST REQUEST: EmptyFirstName
[INFO ] 2025-06-11 22:14:01.721 [main] LoggerLoad - PUT REQUEST By ID: NumericLastname
[INFO ] 2025-06-11 22:14:01.721 [main] LoggerLoad - POST REQUEST: NumericLastname
[INFO ] 2025-06-11 22:14:01.916 [main] LoggerLoad - PUT REQUEST By ID: CharLastName
[INFO ] 2025-06-11 22:14:01.916 [main] LoggerLoad - POST REQUEST: CharLastName
[INFO ] 2025-06-11 22:14:02.138 [main] LoggerLoad - PUT REQUEST By ID: EmptyLastName
[INFO ] 2025-06-11 22:14:02.138 [main] LoggerLoad - POST REQUEST: EmptyLastName
[INFO ] 2025-06-11 22:14:02.338 [main] LoggerLoad - PUT REQUEST By ID: PhoneGrt10Digit
[INFO ] 2025-06-11 22:14:02.340 [main] LoggerLoad - POST REQUEST: PhoneGrt10Digit
[INFO ] 2025-06-11 22:14:02.572 [main] LoggerLoad - PUT REQUEST By ID: PhoneLess10Digit
[INFO ] 2025-06-11 22:14:02.572 [main] LoggerLoad - POST REQUEST: PhoneLess10Digit
[INFO ] 2025-06-11 22:14:02.786 [main] LoggerLoad - PUT REQUEST By ID: EmptyPhone
[INFO ] 2025-06-11 22:14:02.786 [main] LoggerLoad - POST REQUEST: EmptyPhone
[INFO ] 2025-06-11 22:14:02.986 [main] LoggerLoad - PUT REQUEST By ID: EmailEmpty
[INFO ] 2025-06-11 22:14:02.987 [main] LoggerLoad - POST REQUEST: EmailEmpty
[INFO ] 2025-06-11 22:14:03.203 [main] LoggerLoad - PUT REQUEST By ID: EmptyUsr
[INFO ] 2025-06-11 22:14:03.203 [main] LoggerLoad - POST REQUEST: EmptyUsr
[INFO ] 2025-06-11 22:14:03.412 [main] LoggerLoad - PUT REQUEST By ID: EmptyPswd
[INFO ] 2025-06-11 22:14:03.412 [main] LoggerLoad - POST REQUEST: EmptyPswd
[INFO ] 2025-06-11 22:14:03.627 [main] LoggerLoad - PUT REQUEST By ID: IncorrectBaseURL
[INFO ] 2025-06-11 22:14:03.627 [main] LoggerLoad - POST REQUEST: IncorrectBaseURL
[INFO ] 2025-06-11 22:14:03.838 [main] LoggerLoad - PUT REQUEST By ID: NoAuth
[INFO ] 2025-06-11 22:14:03.838 [main] LoggerLoad - POST REQUEST: NoAuth
[INFO ] 2025-06-11 22:14:04.041 [main] LoggerLoad - PUT REQUEST By ID: IncorrectEndPoint
[INFO ] 2025-06-11 22:14:04.042 [main] LoggerLoad - POST REQUEST: IncorrectEndPoint
[INFO ] 2025-06-11 22:14:04.269 [main] LoggerLoad - DELETE REQUEST By Name: InvalidChar
[INFO ] 2025-06-11 22:14:04.274 [main] LoggerLoad - DELETE REQUEST By Name: EmptyUsr
[INFO ] 2025-06-11 22:14:04.476 [main] LoggerLoad - DELETE REQUEST By Name: EmptyPswd
[INFO ] 2025-06-11 22:14:04.659 [main] LoggerLoad - DELETE REQUEST By Name: NoAuth
[INFO ] 2025-06-11 22:14:04.842 [main] LoggerLoad - DELETE REQUEST By Name: IncorrectBaseURL
[INFO ] 2025-06-11 22:14:05.350 [main] LoggerLoad - DELETE REQUEST By Name: IncorrectEndPoint
[INFO ] 2025-06-11 22:14:05.566 [main] LoggerLoad - DELETE REQUEST By Name: NonExistingUser
[INFO ] 2025-06-11 22:14:05.750 [main] LoggerLoad - DELETE REQUEST By Name: Valid
[INFO ] 2025-06-11 22:14:06.005 [main] LoggerLoad - Closing Workbook
[INFO ] 2025-06-11 22:20:26.528 [main] LoggerLoad - RestAssured Swagger API Execution
[INFO ] 2025-06-11 22:20:26.530 [main] LoggerLoad - Initializing Workbook
[INFO ] 2025-06-11 22:20:26.530 [main] LoggerLoad - Initializing Excel Reader with path: src/test/resources/TestData/API_TestData.xlsx
[INFO ] 2025-06-11 22:20:27.018 [main] LoggerLoad - POST REQUEST: Valid
[INFO ] 2025-06-11 22:20:28.941 [main] LoggerLoad - POST REQUEST: EmptyPswd
[INFO ] 2025-06-11 22:20:29.223 [main] LoggerLoad - POST REQUEST: EmptyUsr
[INFO ] 2025-06-11 22:20:29.438 [main] LoggerLoad - POST REQUEST: NoAuth
[INFO ] 2025-06-11 22:20:29.638 [main] LoggerLoad - POST REQUEST: IncorrectEndPoint
[INFO ] 2025-06-11 22:20:29.954 [main] LoggerLoad - POST REQUEST: IncorrectBaseURL
[INFO ] 2025-06-11 22:20:30.177 [main] LoggerLoad - POST REQUEST: ExistingUser
[INFO ] 2025-06-11 22:20:30.439 [main] LoggerLoad - POST REQUEST: ValidNam
[INFO ] 2025-06-11 22:20:30.643 [main] LoggerLoad - GET REQUEST By ID: EmptyUsr
[INFO ] 2025-06-11 22:20:30.857 [main] LoggerLoad - GET REQUEST By ID: EmptyPswd
[INFO ] 2025-06-11 22:20:31.055 [main] LoggerLoad - GET REQUEST By ID: NoAuth
[INFO ] 2025-06-11 22:20:31.285 [main] LoggerLoad - GET REQUEST By ID: IncorrectEndPoint
[INFO ] 2025-06-11 22:20:31.481 [main] LoggerLoad - GET REQUEST By ID: IncorrectBaseURL
[INFO ] 2025-06-11 22:20:31.613 [main] LoggerLoad - GET REQUEST By ID: Valid
[INFO ] 2025-06-11 22:20:31.833 [main] LoggerLoad - DELETE REQUEST By Name: InvalidChar
[INFO ] 2025-06-11 22:20:31.836 [main] LoggerLoad - DELETE REQUEST By Name: EmptyUsr
[INFO ] 2025-06-11 22:20:32.035 [main] LoggerLoad - DELETE REQUEST By Name: EmptyPswd
[INFO ] 2025-06-11 22:20:32.241 [main] LoggerLoad - DELETE REQUEST By Name: NoAuth
[INFO ] 2025-06-11 22:20:32.440 [main] LoggerLoad - DELETE REQUEST By Name: IncorrectBaseURL
[INFO ] 2025-06-11 22:20:32.550 [main] LoggerLoad - DELETE REQUEST By Name: IncorrectEndPoint
[INFO ] 2025-06-11 22:20:32.743 [main] LoggerLoad - DELETE REQUEST By Name: NonExistingUser
[INFO ] 2025-06-11 22:20:32.995 [main] LoggerLoad - DELETE REQUEST By Name: Valid
[INFO ] 2025-06-11 22:20:33.264 [main] LoggerLoad - Closing Workbook
[INFO ] 2025-06-11 22:23:39.546 [main] LoggerLoad - RestAssured Swagger API Execution
[INFO ] 2025-06-11 22:23:39.548 [main] LoggerLoad - Initializing Workbook
[INFO ] 2025-06-11 22:23:39.548 [main] LoggerLoad - Initializing Excel Reader with path: src/test/resources/TestData/API_TestData.xlsx
[INFO ] 2025-06-11 22:23:40.032 [main] LoggerLoad - POST REQUEST: Valid
[INFO ] 2025-06-11 22:23:42.021 [main] LoggerLoad - POST REQUEST: EmptyPswd
[INFO ] 2025-06-11 22:23:42.254 [main] LoggerLoad - POST REQUEST: EmptyUsr
[INFO ] 2025-06-11 22:23:42.477 [main] LoggerLoad - POST REQUEST: NoAuth
[INFO ] 2025-06-11 22:23:42.698 [main] LoggerLoad - POST REQUEST: IncorrectEndPoint
[INFO ] 2025-06-11 22:23:42.883 [main] LoggerLoad - POST REQUEST: IncorrectBaseURL
[INFO ] 2025-06-11 22:23:43.099 [main] LoggerLoad - POST REQUEST: ExistingUser
[INFO ] 2025-06-11 22:23:43.333 [main] LoggerLoad - POST REQUEST: ValidNam
[INFO ] 2025-06-11 22:23:43.602 [main] LoggerLoad - GET REQUEST By ID: EmptyUsr
[INFO ] 2025-06-11 22:23:43.860 [main] LoggerLoad - GET REQUEST By ID: EmptyPswd
[INFO ] 2025-06-11 22:23:44.170 [main] LoggerLoad - GET REQUEST By ID: NoAuth
[INFO ] 2025-06-11 22:23:44.404 [main] LoggerLoad - GET REQUEST By ID: IncorrectEndPoint
[INFO ] 2025-06-11 22:23:44.688 [main] LoggerLoad - GET REQUEST By ID: IncorrectBaseURL
[INFO ] 2025-06-11 22:23:45.233 [main] LoggerLoad - GET REQUEST By ID: Valid
[INFO ] 2025-06-11 22:23:45.459 [main] LoggerLoad - DELETE REQUEST By Name: InvalidChar
[INFO ] 2025-06-11 22:23:45.463 [main] LoggerLoad - DELETE REQUEST By Name: EmptyUsr
[INFO ] 2025-06-11 22:23:45.668 [main] LoggerLoad - DELETE REQUEST By Name: EmptyPswd
[INFO ] 2025-06-11 22:23:46.079 [main] LoggerLoad - DELETE REQUEST By Name: NoAuth
[INFO ] 2025-06-11 22:23:46.271 [main] LoggerLoad - DELETE REQUEST By Name: IncorrectBaseURL
[INFO ] 2025-06-11 22:23:46.783 [main] LoggerLoad - DELETE REQUEST By Name: IncorrectEndPoint
[INFO ] 2025-06-11 22:23:46.966 [main] LoggerLoad - DELETE REQUEST By Name: NonExistingUser
[INFO ] 2025-06-11 22:23:47.152 [main] LoggerLoad - DELETE REQUEST By Name: Valid
[INFO ] 2025-06-11 22:23:47.416 [main] LoggerLoad - Closing Workbook
[INFO ] 2025-06-11 22:31:55.103 [main] LoggerLoad - RestAssured Swagger API Execution
[INFO ] 2025-06-11 22:31:55.106 [main] LoggerLoad - Initializing Workbook
[INFO ] 2025-06-11 22:31:55.106 [main] LoggerLoad - Initializing Excel Reader with path: src/test/resources/TestData/API_TestData.xlsx
[INFO ] 2025-06-11 22:31:55.584 [main] LoggerLoad - POST REQUEST: Valid
[INFO ] 2025-06-11 22:31:57.484 [main] LoggerLoad - POST REQUEST: EmptyPswd
[INFO ] 2025-06-11 22:31:57.686 [main] LoggerLoad - POST REQUEST: EmptyUsr
[INFO ] 2025-06-11 22:31:58.108 [main] LoggerLoad - POST REQUEST: NoAuth
[INFO ] 2025-06-11 22:31:58.307 [main] LoggerLoad - POST REQUEST: IncorrectEndPoint
[INFO ] 2025-06-11 22:31:58.633 [main] LoggerLoad - POST REQUEST: IncorrectBaseURL
[INFO ] 2025-06-11 22:31:58.886 [main] LoggerLoad - POST REQUEST: ExistingUser
[INFO ] 2025-06-11 22:31:59.103 [main] LoggerLoad - POST REQUEST: ValidNam
[INFO ] 2025-06-11 22:31:59.336 [main] LoggerLoad - GET REQUEST By ID: EmptyUsr
[INFO ] 2025-06-11 22:31:59.340 [main] LoggerLoad - GET REQUEST By ID: EmptyPswd
[INFO ] 2025-06-11 22:31:59.343 [main] LoggerLoad - GET REQUEST By ID: NoAuth
[INFO ] 2025-06-11 22:31:59.345 [main] LoggerLoad - GET REQUEST By ID: IncorrectEndPoint
[INFO ] 2025-06-11 22:31:59.349 [main] LoggerLoad - GET REQUEST By ID: IncorrectBaseURL
[INFO ] 2025-06-11 22:31:59.352 [main] LoggerLoad - GET REQUEST By ID: Valid
[INFO ] 2025-06-11 22:31:59.567 [main] LoggerLoad - DELETE REQUEST By Name: InvalidChar
[INFO ] 2025-06-11 22:31:59.570 [main] LoggerLoad - DELETE REQUEST By Name: EmptyUsr
[INFO ] 2025-06-11 22:31:59.770 [main] LoggerLoad - DELETE REQUEST By Name: EmptyPswd
[INFO ] 2025-06-11 22:31:59.970 [main] LoggerLoad - DELETE REQUEST By Name: NoAuth
[INFO ] 2025-06-11 22:32:00.176 [main] LoggerLoad - DELETE REQUEST By Name: IncorrectBaseURL
[INFO ] 2025-06-11 22:32:00.741 [main] LoggerLoad - DELETE REQUEST By Name: IncorrectEndPoint
[INFO ] 2025-06-11 22:32:00.965 [main] LoggerLoad - DELETE REQUEST By Name: NonExistingUser
[INFO ] 2025-06-11 22:32:01.146 [main] LoggerLoad - DELETE REQUEST By Name: Valid
[INFO ] 2025-06-11 22:32:01.400 [main] LoggerLoad - Closing Workbook
[INFO ] 2025-06-11 22:33:05.642 [main] LoggerLoad - RestAssured Swagger API Execution
[INFO ] 2025-06-11 22:33:05.643 [main] LoggerLoad - Initializing Workbook
[INFO ] 2025-06-11 22:33:05.643 [main] LoggerLoad - Initializing Excel Reader with path: src/test/resources/TestData/API_TestData.xlsx
[INFO ] 2025-06-11 22:33:06.130 [main] LoggerLoad - POST REQUEST: Valid
[INFO ] 2025-06-11 22:33:08.035 [main] LoggerLoad - POST REQUEST: EmptyPswd
[INFO ] 2025-06-11 22:33:08.240 [main] LoggerLoad - POST REQUEST: EmptyUsr
[INFO ] 2025-06-11 22:33:08.435 [main] LoggerLoad - POST REQUEST: NoAuth
[INFO ] 2025-06-11 22:33:08.691 [main] LoggerLoad - POST REQUEST: IncorrectEndPoint
[INFO ] 2025-06-11 22:33:09.006 [main] LoggerLoad - POST REQUEST: IncorrectBaseURL
[INFO ] 2025-06-11 22:33:09.240 [main] LoggerLoad - POST REQUEST: ExistingUser
[INFO ] 2025-06-11 22:33:09.429 [main] LoggerLoad - POST REQUEST: ValidNam
[INFO ] 2025-06-11 22:33:09.645 [main] LoggerLoad - GET REQUEST By ID: EmptyUsr
[INFO ] 2025-06-11 22:33:09.651 [main] LoggerLoad - GET REQUEST By ID: EmptyPswd
[INFO ] 2025-06-11 22:33:09.654 [main] LoggerLoad - GET REQUEST By ID: NoAuth
[INFO ] 2025-06-11 22:33:09.657 [main] LoggerLoad - GET REQUEST By ID: IncorrectEndPoint
[INFO ] 2025-06-11 22:33:09.659 [main] LoggerLoad - GET REQUEST By ID: IncorrectBaseURL
[INFO ] 2025-06-11 22:33:09.662 [main] LoggerLoad - GET REQUEST By ID: Valid
[INFO ] 2025-06-11 22:33:09.889 [main] LoggerLoad - DELETE REQUEST By Name: InvalidChar
[INFO ] 2025-06-11 22:33:09.893 [main] LoggerLoad - DELETE REQUEST By Name: EmptyUsr
[INFO ] 2025-06-11 22:33:09.897 [main] LoggerLoad - DELETE REQUEST By Name: EmptyPswd
[INFO ] 2025-06-11 22:33:09.903 [main] LoggerLoad - DELETE REQUEST By Name: NoAuth
[INFO ] 2025-06-11 22:33:09.906 [main] LoggerLoad - DELETE REQUEST By Name: IncorrectBaseURL
[INFO ] 2025-06-11 22:33:09.910 [main] LoggerLoad - DELETE REQUEST By Name: IncorrectEndPoint
[INFO ] 2025-06-11 22:33:09.913 [main] LoggerLoad - DELETE REQUEST By Name: NonExistingUser
[INFO ] 2025-06-11 22:33:09.918 [main] LoggerLoad - DELETE REQUEST By Name: Valid
[INFO ] 2025-06-11 22:33:10.219 [main] LoggerLoad - Closing Workbook
[INFO ] 2025-06-11 22:35:27.276 [main] LoggerLoad - RestAssured Swagger API Execution
[INFO ] 2025-06-11 22:35:27.277 [main] LoggerLoad - Initializing Workbook
[INFO ] 2025-06-11 22:35:27.277 [main] LoggerLoad - Initializing Excel Reader with path: src/test/resources/TestData/API_TestData.xlsx
[INFO ] 2025-06-11 22:35:27.778 [main] LoggerLoad - POST REQUEST: Valid
[INFO ] 2025-06-11 22:35:29.924 [main] LoggerLoad - POST REQUEST: EmptyPswd
[INFO ] 2025-06-11 22:35:30.328 [main] LoggerLoad - POST REQUEST: EmptyUsr
[INFO ] 2025-06-11 22:35:30.623 [main] LoggerLoad - POST REQUEST: NoAuth
[INFO ] 2025-06-11 22:35:30.834 [main] LoggerLoad - POST REQUEST: IncorrectEndPoint
[INFO ] 2025-06-11 22:35:31.062 [main] LoggerLoad - POST REQUEST: IncorrectBaseURL
[INFO ] 2025-06-11 22:35:31.269 [main] LoggerLoad - POST REQUEST: ExistingUser
[INFO ] 2025-06-11 22:35:31.479 [main] LoggerLoad - POST REQUEST: ValidNam
[INFO ] 2025-06-11 22:35:31.686 [main] LoggerLoad - GET REQUEST By ID: EmptyUsr
[INFO ] 2025-06-11 22:35:31.691 [main] LoggerLoad - GET REQUEST By ID: EmptyPswd
[INFO ] 2025-06-11 22:35:31.693 [main] LoggerLoad - GET REQUEST By ID: NoAuth
[INFO ] 2025-06-11 22:35:31.696 [main] LoggerLoad - GET REQUEST By ID: IncorrectEndPoint
[INFO ] 2025-06-11 22:35:31.699 [main] LoggerLoad - GET REQUEST By ID: IncorrectBaseURL
[INFO ] 2025-06-11 22:35:31.702 [main] LoggerLoad - GET REQUEST By ID: Valid
[INFO ] 2025-06-11 22:35:31.910 [main] LoggerLoad - DELETE REQUEST By Name: InvalidChar
[INFO ] 2025-06-11 22:35:31.915 [main] LoggerLoad - DELETE REQUEST By Name: EmptyUsr
[INFO ] 2025-06-11 22:35:31.919 [main] LoggerLoad - DELETE REQUEST By Name: EmptyPswd
[INFO ] 2025-06-11 22:35:31.925 [main] LoggerLoad - DELETE REQUEST By Name: NoAuth
[INFO ] 2025-06-11 22:35:31.930 [main] LoggerLoad - DELETE REQUEST By Name: IncorrectBaseURL
[INFO ] 2025-06-11 22:35:31.933 [main] LoggerLoad - DELETE REQUEST By Name: IncorrectEndPoint
[INFO ] 2025-06-11 22:35:31.937 [main] LoggerLoad - DELETE REQUEST By Name: NonExistingUser
[INFO ] 2025-06-11 22:35:31.940 [main] LoggerLoad - DELETE REQUEST By Name: Valid
[INFO ] 2025-06-11 22:35:32.189 [main] LoggerLoad - Closing Workbook
[INFO ] 2025-06-11 22:37:32.580 [main] LoggerLoad - RestAssured Swagger API Execution
[INFO ] 2025-06-11 22:37:32.582 [main] LoggerLoad - Initializing Workbook
[INFO ] 2025-06-11 22:37:32.582 [main] LoggerLoad - Initializing Excel Reader with path: src/test/resources/TestData/API_TestData.xlsx
[INFO ] 2025-06-11 22:37:33.057 [main] LoggerLoad - POST REQUEST: Valid
[INFO ] 2025-06-11 22:37:34.953 [main] LoggerLoad - POST REQUEST: EmptyPswd
[INFO ] 2025-06-11 22:37:35.149 [main] LoggerLoad - POST REQUEST: EmptyUsr
[INFO ] 2025-06-11 22:37:35.345 [main] LoggerLoad - POST REQUEST: NoAuth
[INFO ] 2025-06-11 22:37:35.533 [main] LoggerLoad - POST REQUEST: IncorrectEndPoint
[INFO ] 2025-06-11 22:37:35.769 [main] LoggerLoad - POST REQUEST: IncorrectBaseURL
[INFO ] 2025-06-11 22:37:35.970 [main] LoggerLoad - POST REQUEST: ExistingUser
[INFO ] 2025-06-11 22:37:36.172 [main] LoggerLoad - POST REQUEST: ValidNam
[INFO ] 2025-06-11 22:37:36.381 [main] LoggerLoad - GET REQUEST By ID: EmptyUsr
[INFO ] 2025-06-11 22:37:36.384 [main] LoggerLoad - GET REQUEST By ID: EmptyPswd
[INFO ] 2025-06-11 22:37:36.388 [main] LoggerLoad - GET REQUEST By ID: NoAuth
[INFO ] 2025-06-11 22:37:36.391 [main] LoggerLoad - GET REQUEST By ID: IncorrectEndPoint
[INFO ] 2025-06-11 22:37:36.394 [main] LoggerLoad - GET REQUEST By ID: IncorrectBaseURL
[INFO ] 2025-06-11 22:37:36.400 [main] LoggerLoad - GET REQUEST By ID: Valid
[INFO ] 2025-06-11 22:37:36.622 [main] LoggerLoad - DELETE REQUEST By Name: InvalidChar
[INFO ] 2025-06-11 22:37:36.627 [main] LoggerLoad - DELETE REQUEST By Name: EmptyUsr
[INFO ] 2025-06-11 22:37:36.631 [main] LoggerLoad - DELETE REQUEST By Name: EmptyPswd
[INFO ] 2025-06-11 22:37:36.636 [main] LoggerLoad - DELETE REQUEST By Name: NoAuth
[INFO ] 2025-06-11 22:37:36.639 [main] LoggerLoad - DELETE REQUEST By Name: IncorrectBaseURL
[INFO ] 2025-06-11 22:37:36.642 [main] LoggerLoad - DELETE REQUEST By Name: IncorrectEndPoint
[INFO ] 2025-06-11 22:37:36.646 [main] LoggerLoad - DELETE REQUEST By Name: NonExistingUser
[INFO ] 2025-06-11 22:37:36.649 [main] LoggerLoad - DELETE REQUEST By Name: Valid
[INFO ] 2025-06-11 22:37:36.920 [main] LoggerLoad - Closing Workbook
[INFO ] 2025-06-11 22:38:26.218 [main] LoggerLoad - RestAssured Swagger API Execution
[INFO ] 2025-06-11 22:38:26.220 [main] LoggerLoad - Initializing Workbook
[INFO ] 2025-06-11 22:38:26.220 [main] LoggerLoad - Initializing Excel Reader with path: src/test/resources/TestData/API_TestData.xlsx
[INFO ] 2025-06-11 22:38:26.727 [main] LoggerLoad - POST REQUEST: Valid
[INFO ] 2025-06-11 22:38:28.618 [main] LoggerLoad - POST REQUEST: EmptyPswd
[INFO ] 2025-06-11 22:38:28.823 [main] LoggerLoad - POST REQUEST: EmptyUsr
[INFO ] 2025-06-11 22:38:29.017 [main] LoggerLoad - POST REQUEST: NoAuth
[INFO ] 2025-06-11 22:38:29.192 [main] LoggerLoad - POST REQUEST: IncorrectEndPoint
[INFO ] 2025-06-11 22:38:29.436 [main] LoggerLoad - POST REQUEST: IncorrectBaseURL
[INFO ] 2025-06-11 22:38:29.653 [main] LoggerLoad - POST REQUEST: ExistingUser
[INFO ] 2025-06-11 22:38:29.848 [main] LoggerLoad - POST REQUEST: ValidNam
[INFO ] 2025-06-11 22:38:30.034 [main] LoggerLoad - GET REQUEST By ID: EmptyUsr
[INFO ] 2025-06-11 22:38:30.038 [main] LoggerLoad - GET REQUEST By ID: EmptyPswd
[INFO ] 2025-06-11 22:38:30.041 [main] LoggerLoad - GET REQUEST By ID: NoAuth
[INFO ] 2025-06-11 22:38:30.045 [main] LoggerLoad - GET REQUEST By ID: IncorrectEndPoint
[INFO ] 2025-06-11 22:38:30.049 [main] LoggerLoad - GET REQUEST By ID: IncorrectBaseURL
[INFO ] 2025-06-11 22:38:30.053 [main] LoggerLoad - GET REQUEST By ID: Valid
[INFO ] 2025-06-11 22:38:30.290 [main] LoggerLoad - DELETE REQUEST By Name: InvalidChar
[INFO ] 2025-06-11 22:38:30.293 [main] LoggerLoad - DELETE REQUEST By Name: EmptyUsr
[INFO ] 2025-06-11 22:38:30.296 [main] LoggerLoad - DELETE REQUEST By Name: EmptyPswd
[INFO ] 2025-06-11 22:38:30.299 [main] LoggerLoad - DELETE REQUEST By Name: NoAuth
[INFO ] 2025-06-11 22:38:30.301 [main] LoggerLoad - DELETE REQUEST By Name: IncorrectBaseURL
[INFO ] 2025-06-11 22:38:30.305 [main] LoggerLoad - DELETE REQUEST By Name: IncorrectEndPoint
[INFO ] 2025-06-11 22:38:30.308 [main] LoggerLoad - DELETE REQUEST By Name: NonExistingUser
[INFO ] 2025-06-11 22:38:30.311 [main] LoggerLoad - DELETE REQUEST By Name: Valid
[INFO ] 2025-06-11 22:38:30.584 [main] LoggerLoad - Closing Workbook
[INFO ] 2025-06-11 22:41:40.435 [main] LoggerLoad - RestAssured Swagger API Execution
[INFO ] 2025-06-11 22:41:40.437 [main] LoggerLoad - Initializing Workbook
[INFO ] 2025-06-11 22:41:40.437 [main] LoggerLoad - Initializing Excel Reader with path: src/test/resources/TestData/API_TestData.xlsx
[INFO ] 2025-06-11 22:41:40.969 [main] LoggerLoad - POST REQUEST: Valid
[INFO ] 2025-06-11 22:41:43.046 [main] LoggerLoad - POST REQUEST: EmptyPswd
[INFO ] 2025-06-11 22:41:43.247 [main] LoggerLoad - POST REQUEST: EmptyUsr
[INFO ] 2025-06-11 22:41:43.438 [main] LoggerLoad - POST REQUEST: NoAuth
[INFO ] 2025-06-11 22:41:43.642 [main] LoggerLoad - POST REQUEST: IncorrectEndPoint
[INFO ] 2025-06-11 22:41:43.899 [main] LoggerLoad - POST REQUEST: IncorrectBaseURL
[INFO ] 2025-06-11 22:41:44.114 [main] LoggerLoad - POST REQUEST: ExistingUser
[INFO ] 2025-06-11 22:41:44.315 [main] LoggerLoad - POST REQUEST: ValidNam
[INFO ] 2025-06-11 22:41:44.513 [main] LoggerLoad - GET REQUEST By ID: EmptyUsr
[INFO ] 2025-06-11 22:41:44.518 [main] LoggerLoad - GET REQUEST By ID: EmptyPswd
[INFO ] 2025-06-11 22:41:44.522 [main] LoggerLoad - GET REQUEST By ID: NoAuth
[INFO ] 2025-06-11 22:41:44.526 [main] LoggerLoad - GET REQUEST By ID: IncorrectEndPoint
[INFO ] 2025-06-11 22:41:44.530 [main] LoggerLoad - GET REQUEST By ID: IncorrectBaseURL
[INFO ] 2025-06-11 22:41:44.536 [main] LoggerLoad - GET REQUEST By ID: Valid
[INFO ] 2025-06-11 22:41:44.731 [main] LoggerLoad - DELETE REQUEST By Name: InvalidChar
[INFO ] 2025-06-11 22:41:44.735 [main] LoggerLoad - DELETE REQUEST By Name: EmptyUsr
[INFO ] 2025-06-11 22:41:44.737 [main] LoggerLoad - DELETE REQUEST By Name: EmptyPswd
[INFO ] 2025-06-11 22:41:44.740 [main] LoggerLoad - DELETE REQUEST By Name: NoAuth
[INFO ] 2025-06-11 22:41:44.742 [main] LoggerLoad - DELETE REQUEST By Name: IncorrectBaseURL
[INFO ] 2025-06-11 22:41:44.744 [main] LoggerLoad - DELETE REQUEST By Name: IncorrectEndPoint
[INFO ] 2025-06-11 22:41:44.748 [main] LoggerLoad - DELETE REQUEST By Name: NonExistingUser
[INFO ] 2025-06-11 22:41:44.751 [main] LoggerLoad - DELETE REQUEST By Name: Valid
[INFO ] 2025-06-11 22:41:45.034 [main] LoggerLoad - Closing Workbook
[INFO ] 2025-06-11 22:58:50.714 [main] LoggerLoad - RestAssured Swagger API Execution
[INFO ] 2025-06-11 22:58:50.717 [main] LoggerLoad - Initializing Workbook
[INFO ] 2025-06-11 22:58:50.717 [main] LoggerLoad - Initializing Excel Reader with path: src/test/resources/TestData/API_TestData.xlsx
[INFO ] 2025-06-11 22:58:51.231 [main] LoggerLoad - POST REQUEST: Valid
[INFO ] 2025-06-11 22:58:53.303 [main] LoggerLoad - POST REQUEST: EmptyPswd
[INFO ] 2025-06-11 22:58:53.516 [main] LoggerLoad - POST REQUEST: EmptyUsr
[INFO ] 2025-06-11 22:58:53.732 [main] LoggerLoad - POST REQUEST: NoAuth
[INFO ] 2025-06-11 22:58:53.938 [main] LoggerLoad - POST REQUEST: IncorrectEndPoint
[INFO ] 2025-06-11 22:58:54.176 [main] LoggerLoad - POST REQUEST: IncorrectBaseURL
[INFO ] 2025-06-11 22:58:54.415 [main] LoggerLoad - POST REQUEST: ExistingUser
[INFO ] 2025-06-11 22:58:54.650 [main] LoggerLoad - POST REQUEST: ValidNam
[INFO ] 2025-06-11 22:58:54.851 [main] LoggerLoad - GET REQUEST By ID: EmptyUsr
[INFO ] 2025-06-11 22:58:54.855 [main] LoggerLoad - GET REQUEST By ID: EmptyPswd
[INFO ] 2025-06-11 22:58:54.859 [main] LoggerLoad - GET REQUEST By ID: NoAuth
[INFO ] 2025-06-11 22:58:54.862 [main] LoggerLoad - GET REQUEST By ID: IncorrectEndPoint
[INFO ] 2025-06-11 22:58:54.866 [main] LoggerLoad - GET REQUEST By ID: IncorrectBaseURL
[INFO ] 2025-06-11 22:58:54.869 [main] LoggerLoad - GET REQUEST By ID: Valid
[INFO ] 2025-06-11 22:58:55.081 [main] LoggerLoad - DELETE REQUEST By Name: InvalidChar
[INFO ] 2025-06-11 22:58:55.084 [main] LoggerLoad - DELETE REQUEST By Name: EmptyUsr
[INFO ] 2025-06-11 22:58:55.285 [main] LoggerLoad - DELETE REQUEST By Name: EmptyPswd
[INFO ] 2025-06-11 22:58:55.474 [main] LoggerLoad - DELETE REQUEST By Name: NoAuth
[INFO ] 2025-06-11 22:58:55.634 [main] LoggerLoad - DELETE REQUEST By Name: IncorrectBaseURL
[INFO ] 2025-06-11 22:58:56.169 [main] LoggerLoad - DELETE REQUEST By Name: IncorrectEndPoint
[INFO ] 2025-06-11 22:58:56.398 [main] LoggerLoad - DELETE REQUEST By Name: NonExistingUser
[INFO ] 2025-06-11 22:58:56.597 [main] LoggerLoad - DELETE REQUEST By Name: Valid
[INFO ] 2025-06-11 22:58:56.875 [main] LoggerLoad - Closing Workbook
[INFO ] 2025-06-11 23:00:11.793 [main] LoggerLoad - RestAssured Swagger API Execution
[INFO ] 2025-06-11 23:00:11.795 [main] LoggerLoad - Initializing Workbook
[INFO ] 2025-06-11 23:00:11.795 [main] LoggerLoad - Initializing Excel Reader with path: src/test/resources/TestData/API_TestData.xlsx
[INFO ] 2025-06-11 23:00:12.286 [main] LoggerLoad - POST REQUEST: Valid
[INFO ] 2025-06-11 23:00:14.189 [main] LoggerLoad - POST REQUEST: EmptyPswd
[INFO ] 2025-06-11 23:00:14.425 [main] LoggerLoad - POST REQUEST: EmptyUsr
[INFO ] 2025-06-11 23:00:14.623 [main] LoggerLoad - POST REQUEST: NoAuth
[INFO ] 2025-06-11 23:00:14.822 [main] LoggerLoad - POST REQUEST: IncorrectEndPoint
[INFO ] 2025-06-11 23:00:15.065 [main] LoggerLoad - POST REQUEST: IncorrectBaseURL
[INFO ] 2025-06-11 23:00:15.294 [main] LoggerLoad - POST REQUEST: ExistingUser
[INFO ] 2025-06-11 23:00:15.485 [main] LoggerLoad - POST REQUEST: ValidNam
[INFO ] 2025-06-11 23:00:15.679 [main] LoggerLoad - GET REQUEST By ID: EmptyUsr
[INFO ] 2025-06-11 23:00:15.895 [main] LoggerLoad - GET REQUEST By ID: EmptyPswd
[INFO ] 2025-06-11 23:00:16.095 [main] LoggerLoad - GET REQUEST By ID: NoAuth
[INFO ] 2025-06-11 23:00:16.302 [main] LoggerLoad - GET REQUEST By ID: IncorrectEndPoint
[INFO ] 2025-06-11 23:00:16.568 [main] LoggerLoad - GET REQUEST By ID: IncorrectBaseURL
[INFO ] 2025-06-11 23:00:17.169 [main] LoggerLoad - GET REQUEST By ID: Valid
[INFO ] 2025-06-11 23:00:17.371 [main] LoggerLoad - DELETE REQUEST By Name: InvalidChar
[INFO ] 2025-06-11 23:00:17.375 [main] LoggerLoad - DELETE REQUEST By Name: EmptyUsr
[INFO ] 2025-06-11 23:00:17.587 [main] LoggerLoad - DELETE REQUEST By Name: EmptyPswd
[INFO ] 2025-06-11 23:00:17.782 [main] LoggerLoad - DELETE REQUEST By Name: NoAuth
[INFO ] 2025-06-11 23:00:17.986 [main] LoggerLoad - DELETE REQUEST By Name: IncorrectBaseURL
[INFO ] 2025-06-11 23:00:18.539 [main] LoggerLoad - DELETE REQUEST By Name: IncorrectEndPoint
[INFO ] 2025-06-11 23:00:18.756 [main] LoggerLoad - DELETE REQUEST By Name: NonExistingUser
[INFO ] 2025-06-11 23:00:18.958 [main] LoggerLoad - DELETE REQUEST By Name: Valid
[INFO ] 2025-06-11 23:00:19.234 [main] LoggerLoad - Closing Workbook
[INFO ] 2025-06-11 23:07:16.481 [main] LoggerLoad - RestAssured Swagger API Execution
[INFO ] 2025-06-11 23:07:16.484 [main] LoggerLoad - Initializing Workbook
[INFO ] 2025-06-11 23:07:16.484 [main] LoggerLoad - Initializing Excel Reader with path: src/test/resources/TestData/API_TestData.xlsx
[INFO ] 2025-06-11 23:07:16.995 [main] LoggerLoad - POST REQUEST: Valid
[INFO ] 2025-06-11 23:07:18.895 [main] LoggerLoad - POST REQUEST: EmptyPswd
[INFO ] 2025-06-11 23:07:19.229 [main] LoggerLoad - POST REQUEST: EmptyUsr
[INFO ] 2025-06-11 23:07:19.425 [main] LoggerLoad - POST REQUEST: NoAuth
[INFO ] 2025-06-11 23:07:19.637 [main] LoggerLoad - POST REQUEST: IncorrectEndPoint
[INFO ] 2025-06-11 23:07:19.952 [main] LoggerLoad - POST REQUEST: IncorrectBaseURL
[INFO ] 2025-06-11 23:07:20.196 [main] LoggerLoad - POST REQUEST: ExistingUser
[INFO ] 2025-06-11 23:07:20.391 [main] LoggerLoad - POST REQUEST: ValidNam
[INFO ] 2025-06-11 23:07:20.637 [main] LoggerLoad - GET REQUEST By ID: EmptyUsr
[INFO ] 2025-06-11 23:07:20.865 [main] LoggerLoad - GET REQUEST By ID: EmptyPswd
[INFO ] 2025-06-11 23:07:21.063 [main] LoggerLoad - GET REQUEST By ID: NoAuth
[INFO ] 2025-06-11 23:07:21.260 [main] LoggerLoad - GET REQUEST By ID: IncorrectEndPoint
[INFO ] 2025-06-11 23:07:21.443 [main] LoggerLoad - GET REQUEST By ID: IncorrectBaseURL
[INFO ] 2025-06-11 23:07:21.572 [main] LoggerLoad - GET REQUEST By ID: Valid
[INFO ] 2025-06-11 23:07:21.767 [main] LoggerLoad - DELETE REQUEST By Name: InvalidChar
[INFO ] 2025-06-11 23:07:21.770 [main] LoggerLoad - DELETE REQUEST By Name: EmptyUsr
[INFO ] 2025-06-11 23:07:21.979 [main] LoggerLoad - DELETE REQUEST By Name: EmptyPswd
[INFO ] 2025-06-11 23:07:22.181 [main] LoggerLoad - DELETE REQUEST By Name: NoAuth
[INFO ] 2025-06-11 23:07:22.368 [main] LoggerLoad - DELETE REQUEST By Name: IncorrectBaseURL
[INFO ] 2025-06-11 23:07:22.469 [main] LoggerLoad - DELETE REQUEST By Name: IncorrectEndPoint
[INFO ] 2025-06-11 23:07:22.657 [main] LoggerLoad - DELETE REQUEST By Name: NonExistingUser
[INFO ] 2025-06-11 23:07:22.861 [main] LoggerLoad - DELETE REQUEST By Name: Valid
[INFO ] 2025-06-11 23:07:23.125 [main] LoggerLoad - Closing Workbook
[INFO ] 2025-06-11 23:13:29.835 [main] LoggerLoad - RestAssured Swagger API Execution
[INFO ] 2025-06-11 23:13:29.837 [main] LoggerLoad - Initializing Workbook
[INFO ] 2025-06-11 23:13:29.837 [main] LoggerLoad - Initializing Excel Reader with path: src/test/resources/TestData/API_TestData.xlsx
[INFO ] 2025-06-11 23:13:30.315 [main] LoggerLoad - POST REQUEST: Valid
[INFO ] 2025-06-11 23:13:32.289 [main] LoggerLoad - POST REQUEST: EmptyPswd
[INFO ] 2025-06-11 23:13:32.484 [main] LoggerLoad - POST REQUEST: EmptyUsr
[INFO ] 2025-06-11 23:13:32.673 [main] LoggerLoad - POST REQUEST: NoAuth
[INFO ] 2025-06-11 23:13:32.877 [main] LoggerLoad - POST REQUEST: IncorrectEndPoint
[INFO ] 2025-06-11 23:13:33.166 [main] LoggerLoad - POST REQUEST: IncorrectBaseURL
[INFO ] 2025-06-11 23:13:33.425 [main] LoggerLoad - POST REQUEST: ExistingUser
[INFO ] 2025-06-11 23:13:33.648 [main] LoggerLoad - POST REQUEST: ValidNam
[INFO ] 2025-06-11 23:13:33.900 [main] LoggerLoad - GET REQUEST By ID: EmptyUsr
[INFO ] 2025-06-11 23:13:34.094 [main] LoggerLoad - GET REQUEST By ID: EmptyPswd
[INFO ] 2025-06-11 23:13:34.316 [main] LoggerLoad - GET REQUEST By ID: NoAuth
[INFO ] 2025-06-11 23:13:34.512 [main] LoggerLoad - GET REQUEST By ID: IncorrectEndPoint
[INFO ] 2025-06-11 23:13:34.776 [main] LoggerLoad - GET REQUEST By ID: IncorrectBaseURL
[INFO ] 2025-06-11 23:13:34.895 [main] LoggerLoad - GET REQUEST By ID: Valid
[INFO ] 2025-06-11 23:13:35.137 [main] LoggerLoad - DELETE REQUEST By Name: EmptyUsr
[INFO ] 2025-06-11 23:13:35.352 [main] LoggerLoad - DELETE REQUEST By Name: EmptyPswd
[INFO ] 2025-06-11 23:13:35.545 [main] LoggerLoad - DELETE REQUEST By Name: NoAuth
[INFO ] 2025-06-11 23:13:35.746 [main] LoggerLoad - DELETE REQUEST By Name: IncorrectBaseURL
[INFO ] 2025-06-11 23:13:35.896 [main] LoggerLoad - DELETE REQUEST By Name: IncorrectEndPoint
[INFO ] 2025-06-11 23:13:36.098 [main] LoggerLoad - DELETE REQUEST By Name: NonExistingUser
[INFO ] 2025-06-11 23:13:36.313 [main] LoggerLoad - DELETE REQUEST By Name: Valid
[INFO ] 2025-06-11 23:13:36.578 [main] LoggerLoad - Closing Workbook
[INFO ] 2025-06-11 23:46:20.936 [main] LoggerLoad - RestAssured Swagger API Execution
[INFO ] 2025-06-11 23:46:20.938 [main] LoggerLoad - Initializing Workbook
[INFO ] 2025-06-11 23:46:20.938 [main] LoggerLoad - Initializing Excel Reader with path: src/test/resources/TestData/API_TestData.xlsx
[INFO ] 2025-06-11 23:46:21.616 [main] LoggerLoad - POST REQUEST: Valid
[INFO ] 2025-06-11 23:46:23.820 [main] LoggerLoad - POST REQUEST: EmptyPswd
[INFO ] 2025-06-11 23:46:24.074 [main] LoggerLoad - POST REQUEST: EmptyUsr
[INFO ] 2025-06-11 23:46:24.259 [main] LoggerLoad - POST REQUEST: NoAuth
[INFO ] 2025-06-11 23:46:24.485 [main] LoggerLoad - POST REQUEST: IncorrectEndPoint
[INFO ] 2025-06-11 23:46:24.898 [main] LoggerLoad - POST REQUEST: IncorrectBaseURL
[INFO ] 2025-06-11 23:46:25.339 [main] LoggerLoad - POST REQUEST: ExistingUser
[INFO ] 2025-06-11 23:46:25.705 [main] LoggerLoad - POST REQUEST: ValidNam
[INFO ] 2025-06-11 23:46:26.025 [main] LoggerLoad - GET REQUEST By ID: EmptyUsr
[INFO ] 2025-06-11 23:46:26.327 [main] LoggerLoad - GET REQUEST By ID: EmptyPswd
[INFO ] 2025-06-11 23:46:26.591 [main] LoggerLoad - GET REQUEST By ID: NoAuth
[INFO ] 2025-06-11 23:46:26.808 [main] LoggerLoad - GET REQUEST By ID: IncorrectEndPoint
[INFO ] 2025-06-11 23:46:27.022 [main] LoggerLoad - GET REQUEST By ID: IncorrectBaseURL
[INFO ] 2025-06-11 23:46:27.332 [main] LoggerLoad - GET REQUEST By ID: Valid
[INFO ] 2025-06-11 23:46:27.528 [main] LoggerLoad - DELETE REQUEST By Name: EmptyUsr
[INFO ] 2025-06-11 23:46:27.727 [main] LoggerLoad - DELETE REQUEST By Name: EmptyPswd
[INFO ] 2025-06-11 23:46:27.946 [main] LoggerLoad - DELETE REQUEST By Name: NoAuth
[INFO ] 2025-06-11 23:46:28.155 [main] LoggerLoad - DELETE REQUEST By Name: IncorrectBaseURL
[INFO ] 2025-06-11 23:46:28.240 [main] LoggerLoad - DELETE REQUEST By Name: IncorrectEndPoint
[INFO ] 2025-06-11 23:46:28.427 [main] LoggerLoad - DELETE REQUEST By Name: NonExistingUser
[INFO ] 2025-06-11 23:46:28.628 [main] LoggerLoad - DELETE REQUEST By Name: Valid
[INFO ] 2025-06-11 23:46:28.917 [main] LoggerLoad - Closing Workbook
[INFO ] 2025-06-12 12:30:40.257 [main] LoggerLoad - RestAssured Swagger API Execution
[INFO ] 2025-06-12 12:30:40.259 [main] LoggerLoad - Initializing Workbook
[INFO ] 2025-06-12 12:30:40.259 [main] LoggerLoad - Initializing Excel Reader with path: src/test/resources/TestData/API_TestData.xlsx
[INFO ] 2025-06-12 12:30:40.852 [main] LoggerLoad - POST REQUEST: Valid
[INFO ] 2025-06-12 12:30:42.954 [main] LoggerLoad - POST REQUEST: EmptyPswd
[INFO ] 2025-06-12 12:30:43.158 [main] LoggerLoad - POST REQUEST: EmptyUsr
[INFO ] 2025-06-12 12:30:43.367 [main] LoggerLoad - POST REQUEST: NoAuth
[INFO ] 2025-06-12 12:30:43.556 [main] LoggerLoad - POST REQUEST: IncorrectEndPoint
[INFO ] 2025-06-12 12:30:43.813 [main] LoggerLoad - POST REQUEST: IncorrectBaseURL
[INFO ] 2025-06-12 12:30:44.100 [main] LoggerLoad - POST REQUEST: ExistingUser
[INFO ] 2025-06-12 12:30:44.280 [main] LoggerLoad - POST REQUEST: ValidNam
[INFO ] 2025-06-12 12:30:44.493 [main] LoggerLoad - PUT REQUEST By ID: Valid
[INFO ] 2025-06-12 12:30:44.493 [main] LoggerLoad - POST REQUEST: Valid
[INFO ] 2025-06-12 12:30:44.789 [main] LoggerLoad - PUT REQUEST By ID: AlreadyExisting
[INFO ] 2025-06-12 12:30:44.789 [main] LoggerLoad - POST REQUEST: AlreadyExisting
[INFO ] 2025-06-12 12:30:45.006 [main] LoggerLoad - PUT REQUEST By ID: CharFirstName
[INFO ] 2025-06-12 12:30:45.006 [main] LoggerLoad - POST REQUEST: CharFirstName
[INFO ] 2025-06-12 12:30:45.626 [main] LoggerLoad - PUT REQUEST By ID: EmptyFirstName
[INFO ] 2025-06-12 12:30:45.626 [main] LoggerLoad - POST REQUEST: EmptyFirstName
[INFO ] 2025-06-12 12:30:45.860 [main] LoggerLoad - PUT REQUEST By ID: NumericLastname
[INFO ] 2025-06-12 12:30:45.860 [main] LoggerLoad - POST REQUEST: NumericLastname
[INFO ] 2025-06-12 12:30:46.064 [main] LoggerLoad - PUT REQUEST By ID: CharLastName
[INFO ] 2025-06-12 12:30:46.064 [main] LoggerLoad - POST REQUEST: CharLastName
[INFO ] 2025-06-12 12:30:46.252 [main] LoggerLoad - PUT REQUEST By ID: EmptyLastName
[INFO ] 2025-06-12 12:30:46.253 [main] LoggerLoad - POST REQUEST: EmptyLastName
[INFO ] 2025-06-12 12:30:46.457 [main] LoggerLoad - PUT REQUEST By ID: PhoneGrt10Digit
[INFO ] 2025-06-12 12:30:46.458 [main] LoggerLoad - POST REQUEST: PhoneGrt10Digit
[INFO ] 2025-06-12 12:30:46.662 [main] LoggerLoad - PUT REQUEST By ID: PhoneLess10Digit
[INFO ] 2025-06-12 12:30:46.662 [main] LoggerLoad - POST REQUEST: PhoneLess10Digit
[INFO ] 2025-06-12 12:30:46.861 [main] LoggerLoad - PUT REQUEST By ID: EmptyPhone
[INFO ] 2025-06-12 12:30:46.861 [main] LoggerLoad - POST REQUEST: EmptyPhone
[INFO ] 2025-06-12 12:30:47.086 [main] LoggerLoad - PUT REQUEST By ID: EmailEmpty
[INFO ] 2025-06-12 12:30:47.086 [main] LoggerLoad - POST REQUEST: EmailEmpty
[INFO ] 2025-06-12 12:30:47.273 [main] LoggerLoad - PUT REQUEST By ID: EmptyUsr
[INFO ] 2025-06-12 12:30:47.273 [main] LoggerLoad - POST REQUEST: EmptyUsr
[INFO ] 2025-06-12 12:30:47.537 [main] LoggerLoad - PUT REQUEST By ID: EmptyPswd
[INFO ] 2025-06-12 12:30:47.537 [main] LoggerLoad - POST REQUEST: EmptyPswd
[INFO ] 2025-06-12 12:30:47.718 [main] LoggerLoad - PUT REQUEST By ID: IncorrectBaseURL
[INFO ] 2025-06-12 12:30:47.718 [main] LoggerLoad - POST REQUEST: IncorrectBaseURL
[INFO ] 2025-06-12 12:30:47.924 [main] LoggerLoad - PUT REQUEST By ID: NoAuth
[INFO ] 2025-06-12 12:30:47.925 [main] LoggerLoad - POST REQUEST: NoAuth
[INFO ] 2025-06-12 12:30:48.138 [main] LoggerLoad - PUT REQUEST By ID: IncorrectEndPoint
[INFO ] 2025-06-12 12:30:48.138 [main] LoggerLoad - POST REQUEST: IncorrectEndPoint
[INFO ] 2025-06-12 12:30:48.440 [main] LoggerLoad - Closing Workbook
[INFO ] 2025-06-12 13:12:44.115 [main] LoggerLoad - RestAssured Swagger API Execution
[INFO ] 2025-06-12 13:12:44.118 [main] LoggerLoad - Initializing Workbook
[INFO ] 2025-06-12 13:12:44.118 [main] LoggerLoad - Initializing Excel Reader with path: src/test/resources/TestData/API_TestData.xlsx
[INFO ] 2025-06-12 13:12:44.602 [main] LoggerLoad - POST REQUEST: Valid
[INFO ] 2025-06-12 13:12:46.543 [main] LoggerLoad - POST REQUEST: EmptyPswd
[INFO ] 2025-06-12 13:12:46.774 [main] LoggerLoad - POST REQUEST: EmptyUsr
[INFO ] 2025-06-12 13:12:46.976 [main] LoggerLoad - POST REQUEST: NoAuth
[INFO ] 2025-06-12 13:12:47.180 [main] LoggerLoad - POST REQUEST: IncorrectEndPoint
[INFO ] 2025-06-12 13:12:47.417 [main] LoggerLoad - POST REQUEST: IncorrectBaseURL
[INFO ] 2025-06-12 13:12:47.650 [main] LoggerLoad - POST REQUEST: ExistingUser
[INFO ] 2025-06-12 13:12:47.874 [main] LoggerLoad - POST REQUEST: ValidNam
[INFO ] 2025-06-12 13:12:48.114 [main] LoggerLoad - PUT REQUEST By ID: Valid
[INFO ] 2025-06-12 13:12:48.115 [main] LoggerLoad - PUT REQUEST: Valid
[INFO ] 2025-06-12 13:12:48.323 [main] LoggerLoad - PUT REQUEST By ID: AlreadyExisting
[INFO ] 2025-06-12 13:12:48.323 [main] LoggerLoad - PUT REQUEST: AlreadyExisting
[INFO ] 2025-06-12 13:12:48.551 [main] LoggerLoad - PUT REQUEST By ID: CharFirstName
[INFO ] 2025-06-12 13:12:48.551 [main] LoggerLoad - PUT REQUEST: CharFirstName
[INFO ] 2025-06-12 13:12:48.911 [main] LoggerLoad - PUT REQUEST By ID: EmptyFirstName
[INFO ] 2025-06-12 13:12:48.912 [main] LoggerLoad - PUT REQUEST: EmptyFirstName
[INFO ] 2025-06-12 13:12:49.119 [main] LoggerLoad - PUT REQUEST By ID: NumericLastname
[INFO ] 2025-06-12 13:12:49.119 [main] LoggerLoad - PUT REQUEST: NumericLastname
[INFO ] 2025-06-12 13:12:49.361 [main] LoggerLoad - PUT REQUEST By ID: CharLastName
[INFO ] 2025-06-12 13:12:49.361 [main] LoggerLoad - PUT REQUEST: CharLastName
[INFO ] 2025-06-12 13:12:49.583 [main] LoggerLoad - PUT REQUEST By ID: EmptyLastName
[INFO ] 2025-06-12 13:12:49.583 [main] LoggerLoad - PUT REQUEST: EmptyLastName
[INFO ] 2025-06-12 13:12:49.817 [main] LoggerLoad - PUT REQUEST By ID: PhoneGrt10Digit
[INFO ] 2025-06-12 13:12:49.817 [main] LoggerLoad - PUT REQUEST: PhoneGrt10Digit
[INFO ] 2025-06-12 13:12:50.015 [main] LoggerLoad - PUT REQUEST By ID: PhoneLess10Digit
[INFO ] 2025-06-12 13:12:50.015 [main] LoggerLoad - PUT REQUEST: PhoneLess10Digit
[INFO ] 2025-06-12 13:12:50.221 [main] LoggerLoad - PUT REQUEST By ID: EmptyPhone
[INFO ] 2025-06-12 13:12:50.223 [main] LoggerLoad - PUT REQUEST: EmptyPhone
[INFO ] 2025-06-12 13:12:50.419 [main] LoggerLoad - PUT REQUEST By ID: EmailEmpty
[INFO ] 2025-06-12 13:12:50.419 [main] LoggerLoad - PUT REQUEST: EmailEmpty
[INFO ] 2025-06-12 13:12:50.629 [main] LoggerLoad - PUT REQUEST By ID: EmptyUsr
[INFO ] 2025-06-12 13:12:50.630 [main] LoggerLoad - PUT REQUEST: EmptyUsr
[INFO ] 2025-06-12 13:12:50.817 [main] LoggerLoad - PUT REQUEST By ID: EmptyPswd
[INFO ] 2025-06-12 13:12:50.818 [main] LoggerLoad - PUT REQUEST: EmptyPswd
[INFO ] 2025-06-12 13:12:51.000 [main] LoggerLoad - PUT REQUEST By ID: IncorrectBaseURL
[INFO ] 2025-06-12 13:12:51.000 [main] LoggerLoad - PUT REQUEST: IncorrectBaseURL
[INFO ] 2025-06-12 13:12:51.220 [main] LoggerLoad - PUT REQUEST By ID: NoAuth
[INFO ] 2025-06-12 13:12:51.221 [main] LoggerLoad - PUT REQUEST: NoAuth
[INFO ] 2025-06-12 13:12:51.440 [main] LoggerLoad - PUT REQUEST By ID: IncorrectEndPoint
[INFO ] 2025-06-12 13:12:51.440 [main] LoggerLoad - PUT REQUEST: IncorrectEndPoint
[INFO ] 2025-06-12 13:12:51.725 [main] LoggerLoad - Closing Workbook
[INFO ] 2025-06-12 13:15:35.088 [main] LoggerLoad - RestAssured Swagger API Execution
[INFO ] 2025-06-12 13:15:35.090 [main] LoggerLoad - Initializing Workbook
[INFO ] 2025-06-12 13:15:35.090 [main] LoggerLoad - Initializing Excel Reader with path: src/test/resources/TestData/API_TestData.xlsx
[INFO ] 2025-06-12 13:15:35.586 [main] LoggerLoad - POST REQUEST: Valid
[INFO ] 2025-06-12 13:15:37.462 [main] LoggerLoad - POST REQUEST: EmptyPswd
[INFO ] 2025-06-12 13:15:37.653 [main] LoggerLoad - POST REQUEST: EmptyUsr
[INFO ] 2025-06-12 13:15:37.852 [main] LoggerLoad - POST REQUEST: NoAuth
[INFO ] 2025-06-12 13:15:38.072 [main] LoggerLoad - POST REQUEST: IncorrectEndPoint
[INFO ] 2025-06-12 13:15:38.346 [main] LoggerLoad - POST REQUEST: IncorrectBaseURL
[INFO ] 2025-06-12 13:15:38.541 [main] LoggerLoad - POST REQUEST: ExistingUser
[INFO ] 2025-06-12 13:15:38.744 [main] LoggerLoad - POST REQUEST: ValidNam
[INFO ] 2025-06-12 13:15:38.931 [main] LoggerLoad - PUT REQUEST By ID: Valid
[INFO ] 2025-06-12 13:15:38.931 [main] LoggerLoad - PUT REQUEST: Valid
[INFO ] 2025-06-12 13:15:39.227 [main] LoggerLoad - PUT REQUEST By ID: AlreadyExisting
[INFO ] 2025-06-12 13:15:39.227 [main] LoggerLoad - PUT REQUEST: AlreadyExisting
[INFO ] 2025-06-12 13:15:39.463 [main] LoggerLoad - PUT REQUEST By ID: CharFirstName
[INFO ] 2025-06-12 13:15:39.464 [main] LoggerLoad - PUT REQUEST: CharFirstName
[INFO ] 2025-06-12 13:15:39.831 [main] LoggerLoad - PUT REQUEST By ID: EmptyFirstName
[INFO ] 2025-06-12 13:15:39.831 [main] LoggerLoad - PUT REQUEST: EmptyFirstName
[INFO ] 2025-06-12 13:15:40.024 [main] LoggerLoad - PUT REQUEST By ID: NumericLastname
[INFO ] 2025-06-12 13:15:40.024 [main] LoggerLoad - PUT REQUEST: NumericLastname
[INFO ] 2025-06-12 13:15:40.253 [main] LoggerLoad - PUT REQUEST By ID: CharLastName
[INFO ] 2025-06-12 13:15:40.253 [main] LoggerLoad - PUT REQUEST: CharLastName
[INFO ] 2025-06-12 13:15:40.438 [main] LoggerLoad - PUT REQUEST By ID: EmptyLastName
[INFO ] 2025-06-12 13:15:40.438 [main] LoggerLoad - PUT REQUEST: EmptyLastName
[INFO ] 2025-06-12 13:15:40.641 [main] LoggerLoad - PUT REQUEST By ID: PhoneGrt10Digit
[INFO ] 2025-06-12 13:15:40.641 [main] LoggerLoad - PUT REQUEST: PhoneGrt10Digit
[INFO ] 2025-06-12 13:15:40.835 [main] LoggerLoad - PUT REQUEST By ID: PhoneLess10Digit
[INFO ] 2025-06-12 13:15:40.835 [main] LoggerLoad - PUT REQUEST: PhoneLess10Digit
[INFO ] 2025-06-12 13:15:41.061 [main] LoggerLoad - PUT REQUEST By ID: EmptyPhone
[INFO ] 2025-06-12 13:15:41.063 [main] LoggerLoad - PUT REQUEST: EmptyPhone
[INFO ] 2025-06-12 13:15:41.263 [main] LoggerLoad - PUT REQUEST By ID: EmailEmpty
[INFO ] 2025-06-12 13:15:41.264 [main] LoggerLoad - PUT REQUEST: EmailEmpty
[INFO ] 2025-06-12 13:15:41.445 [main] LoggerLoad - PUT REQUEST By ID: EmptyUsr
[INFO ] 2025-06-12 13:15:41.445 [main] LoggerLoad - PUT REQUEST: EmptyUsr
[INFO ] 2025-06-12 13:15:41.642 [main] LoggerLoad - PUT REQUEST By ID: EmptyPswd
[INFO ] 2025-06-12 13:15:41.642 [main] LoggerLoad - PUT REQUEST: EmptyPswd
[INFO ] 2025-06-12 13:15:41.869 [main] LoggerLoad - PUT REQUEST By ID: IncorrectBaseURL
[INFO ] 2025-06-12 13:15:41.871 [main] LoggerLoad - PUT REQUEST: IncorrectBaseURL
[INFO ] 2025-06-12 13:15:42.063 [main] LoggerLoad - PUT REQUEST By ID: NoAuth
[INFO ] 2025-06-12 13:15:42.063 [main] LoggerLoad - PUT REQUEST: NoAuth
[INFO ] 2025-06-12 13:15:42.246 [main] LoggerLoad - PUT REQUEST By ID: IncorrectEndPoint
[INFO ] 2025-06-12 13:15:42.246 [main] LoggerLoad - PUT REQUEST: IncorrectEndPoint
[INFO ] 2025-06-12 13:15:42.518 [main] LoggerLoad - Closing Workbook
[INFO ] 2025-06-12 13:26:47.451 [main] LoggerLoad - RestAssured Swagger API Execution
[INFO ] 2025-06-12 13:26:47.455 [main] LoggerLoad - Initializing Workbook
[INFO ] 2025-06-12 13:26:47.455 [main] LoggerLoad - Initializing Excel Reader with path: src/test/resources/TestData/API_TestData.xlsx
[INFO ] 2025-06-12 13:26:48.173 [main] LoggerLoad - POST REQUEST: Valid
[INFO ] 2025-06-12 13:26:50.346 [main] LoggerLoad - POST REQUEST: EmptyPswd
[INFO ] 2025-06-12 13:26:50.537 [main] LoggerLoad - POST REQUEST: EmptyUsr
[INFO ] 2025-06-12 13:26:50.736 [main] LoggerLoad - POST REQUEST: NoAuth
[INFO ] 2025-06-12 13:26:50.928 [main] LoggerLoad - POST REQUEST: IncorrectEndPoint
[INFO ] 2025-06-12 13:26:51.167 [main] LoggerLoad - POST REQUEST: IncorrectBaseURL
[INFO ] 2025-06-12 13:26:51.399 [main] LoggerLoad - POST REQUEST: ExistingUser
[INFO ] 2025-06-12 13:26:51.608 [main] LoggerLoad - POST REQUEST: ValidNam
[INFO ] 2025-06-12 13:26:51.844 [main] LoggerLoad - PUT REQUEST By ID: Valid
[INFO ] 2025-06-12 13:26:51.844 [main] LoggerLoad - PUT REQUEST: Valid
[INFO ] 2025-06-12 13:26:52.164 [main] LoggerLoad - PUT REQUEST By ID: AlreadyExisting
[INFO ] 2025-06-12 13:26:52.165 [main] LoggerLoad - PUT REQUEST: AlreadyExisting
[INFO ] 2025-06-12 13:26:52.387 [main] LoggerLoad - PUT REQUEST By ID: CharFirstName
[INFO ] 2025-06-12 13:26:52.387 [main] LoggerLoad - PUT REQUEST: CharFirstName
[INFO ] 2025-06-12 13:26:52.758 [main] LoggerLoad - PUT REQUEST By ID: EmptyFirstName
[INFO ] 2025-06-12 13:26:52.758 [main] LoggerLoad - PUT REQUEST: EmptyFirstName
[INFO ] 2025-06-12 13:26:52.971 [main] LoggerLoad - PUT REQUEST By ID: NumericLastname
[INFO ] 2025-06-12 13:26:52.971 [main] LoggerLoad - PUT REQUEST: NumericLastname
[INFO ] 2025-06-12 13:26:53.184 [main] LoggerLoad - PUT REQUEST By ID: CharLastName
[INFO ] 2025-06-12 13:26:53.184 [main] LoggerLoad - PUT REQUEST: CharLastName
[INFO ] 2025-06-12 13:26:53.410 [main] LoggerLoad - PUT REQUEST By ID: EmptyLastName
[INFO ] 2025-06-12 13:26:53.410 [main] LoggerLoad - PUT REQUEST: EmptyLastName
[INFO ] 2025-06-12 13:26:53.596 [main] LoggerLoad - PUT REQUEST By ID: PhoneGrt10Digit
[INFO ] 2025-06-12 13:26:53.596 [main] LoggerLoad - PUT REQUEST: PhoneGrt10Digit
[INFO ] 2025-06-12 13:26:53.807 [main] LoggerLoad - PUT REQUEST By ID: PhoneLess10Digit
[INFO ] 2025-06-12 13:26:53.807 [main] LoggerLoad - PUT REQUEST: PhoneLess10Digit
[INFO ] 2025-06-12 13:26:54.016 [main] LoggerLoad - PUT REQUEST By ID: EmptyPhone
[INFO ] 2025-06-12 13:26:54.017 [main] LoggerLoad - PUT REQUEST: EmptyPhone
[INFO ] 2025-06-12 13:26:54.229 [main] LoggerLoad - PUT REQUEST By ID: EmailEmpty
[INFO ] 2025-06-12 13:26:54.229 [main] LoggerLoad - PUT REQUEST: EmailEmpty
[INFO ] 2025-06-12 13:26:54.426 [main] LoggerLoad - PUT REQUEST By ID: EmptyUsr
[INFO ] 2025-06-12 13:26:54.427 [main] LoggerLoad - PUT REQUEST: EmptyUsr
[INFO ] 2025-06-12 13:26:54.623 [main] LoggerLoad - PUT REQUEST By ID: EmptyPswd
[INFO ] 2025-06-12 13:26:54.623 [main] LoggerLoad - PUT REQUEST: EmptyPswd
[INFO ] 2025-06-12 13:26:54.814 [main] LoggerLoad - PUT REQUEST By ID: IncorrectBaseURL
[INFO ] 2025-06-12 13:26:54.814 [main] LoggerLoad - PUT REQUEST: IncorrectBaseURL
[INFO ] 2025-06-12 13:26:55.022 [main] LoggerLoad - PUT REQUEST By ID: NoAuth
[INFO ] 2025-06-12 13:26:55.022 [main] LoggerLoad - PUT REQUEST: NoAuth
[INFO ] 2025-06-12 13:26:55.229 [main] LoggerLoad - PUT REQUEST By ID: IncorrectEndPoint
[INFO ] 2025-06-12 13:26:55.229 [main] LoggerLoad - PUT REQUEST: IncorrectEndPoint
[INFO ] 2025-06-12 13:26:55.529 [main] LoggerLoad - Closing Workbook
[INFO ] 2025-06-12 13:54:50.752 [main] LoggerLoad - RestAssured Swagger API Execution
[INFO ] 2025-06-12 13:54:50.754 [main] LoggerLoad - Initializing Workbook
[INFO ] 2025-06-12 13:54:50.754 [main] LoggerLoad - Initializing Excel Reader with path: src/test/resources/TestData/API_TestData.xlsx
[INFO ] 2025-06-12 13:54:51.230 [main] LoggerLoad - POST REQUEST: Valid
[INFO ] 2025-06-12 13:54:53.071 [main] LoggerLoad - POST REQUEST: EmptyPswd
[INFO ] 2025-06-12 13:54:53.265 [main] LoggerLoad - POST REQUEST: EmptyUsr
[INFO ] 2025-06-12 13:54:53.468 [main] LoggerLoad - POST REQUEST: NoAuth
[INFO ] 2025-06-12 13:54:53.646 [main] LoggerLoad - POST REQUEST: IncorrectEndPoint
[INFO ] 2025-06-12 13:54:53.907 [main] LoggerLoad - POST REQUEST: IncorrectBaseURL
[INFO ] 2025-06-12 13:54:54.101 [main] LoggerLoad - POST REQUEST: ExistingUser
[INFO ] 2025-06-12 13:54:54.326 [main] LoggerLoad - POST REQUEST: ValidNam
[INFO ] 2025-06-12 13:54:54.522 [main] LoggerLoad - PUT REQUEST By ID: Valid
[INFO ] 2025-06-12 13:54:54.522 [main] LoggerLoad - PUT REQUEST: Valid
[INFO ] 2025-06-12 13:54:54.809 [main] LoggerLoad - PUT REQUEST By ID: AlreadyExisting
[INFO ] 2025-06-12 13:54:54.809 [main] LoggerLoad - PUT REQUEST: AlreadyExisting
[INFO ] 2025-06-12 13:54:54.997 [main] LoggerLoad - PUT REQUEST By ID: CharFirstName
[INFO ] 2025-06-12 13:54:54.997 [main] LoggerLoad - PUT REQUEST: CharFirstName
[INFO ] 2025-06-12 13:54:55.169 [main] LoggerLoad - PUT REQUEST By ID: EmptyFirstName
[INFO ] 2025-06-12 13:54:55.169 [main] LoggerLoad - PUT REQUEST: EmptyFirstName
[INFO ] 2025-06-12 13:54:55.364 [main] LoggerLoad - PUT REQUEST By ID: NumericLastname
[INFO ] 2025-06-12 13:54:55.365 [main] LoggerLoad - PUT REQUEST: NumericLastname
[INFO ] 2025-06-12 13:54:55.551 [main] LoggerLoad - PUT REQUEST By ID: CharLastName
[INFO ] 2025-06-12 13:54:55.551 [main] LoggerLoad - PUT REQUEST: CharLastName
[INFO ] 2025-06-12 13:54:55.742 [main] LoggerLoad - PUT REQUEST By ID: EmptyLastName
[INFO ] 2025-06-12 13:54:55.742 [main] LoggerLoad - PUT REQUEST: EmptyLastName
[INFO ] 2025-06-12 13:54:55.937 [main] LoggerLoad - PUT REQUEST By ID: PhoneGrt10Digit
[INFO ] 2025-06-12 13:54:55.938 [main] LoggerLoad - PUT REQUEST: PhoneGrt10Digit
[INFO ] 2025-06-12 13:54:56.127 [main] LoggerLoad - PUT REQUEST By ID: PhoneLess10Digit
[INFO ] 2025-06-12 13:54:56.127 [main] LoggerLoad - PUT REQUEST: PhoneLess10Digit
[INFO ] 2025-06-12 13:54:56.328 [main] LoggerLoad - PUT REQUEST By ID: EmptyPhone
[INFO ] 2025-06-12 13:54:56.328 [main] LoggerLoad - PUT REQUEST: EmptyPhone
[INFO ] 2025-06-12 13:54:56.673 [main] LoggerLoad - PUT REQUEST By ID: EmailEmpty
[INFO ] 2025-06-12 13:54:56.673 [main] LoggerLoad - PUT REQUEST: EmailEmpty
[INFO ] 2025-06-12 13:54:56.871 [main] LoggerLoad - PUT REQUEST By ID: EmptyUsr
[INFO ] 2025-06-12 13:54:56.871 [main] LoggerLoad - PUT REQUEST: EmptyUsr
[INFO ] 2025-06-12 13:54:57.055 [main] LoggerLoad - PUT REQUEST By ID: EmptyPswd
[INFO ] 2025-06-12 13:54:57.056 [main] LoggerLoad - PUT REQUEST: EmptyPswd
[INFO ] 2025-06-12 13:54:57.246 [main] LoggerLoad - PUT REQUEST By ID: IncorrectBaseURL
[INFO ] 2025-06-12 13:54:57.246 [main] LoggerLoad - PUT REQUEST: IncorrectBaseURL
[INFO ] 2025-06-12 13:54:57.368 [main] LoggerLoad - PUT REQUEST By ID: NoAuth
[INFO ] 2025-06-12 13:54:57.368 [main] LoggerLoad - PUT REQUEST: NoAuth
[INFO ] 2025-06-12 13:54:57.564 [main] LoggerLoad - PUT REQUEST By ID: IncorrectEndPoint
[INFO ] 2025-06-12 13:54:57.564 [main] LoggerLoad - PUT REQUEST: IncorrectEndPoint
[INFO ] 2025-06-12 13:54:57.812 [main] LoggerLoad - Closing Workbook
[INFO ] 2025-06-12 14:02:13.223 [main] LoggerLoad - RestAssured Swagger API Execution
[INFO ] 2025-06-12 14:02:13.225 [main] LoggerLoad - Initializing Workbook
[INFO ] 2025-06-12 14:02:13.225 [main] LoggerLoad - Initializing Excel Reader with path: src/test/resources/TestData/API_TestData.xlsx
[INFO ] 2025-06-12 14:02:13.729 [main] LoggerLoad - POST REQUEST: Valid
[INFO ] 2025-06-12 14:02:15.763 [main] LoggerLoad - POST REQUEST: EmptyPswd
[INFO ] 2025-06-12 14:02:15.978 [main] LoggerLoad - POST REQUEST: EmptyUsr
[INFO ] 2025-06-12 14:02:16.162 [main] LoggerLoad - POST REQUEST: NoAuth
[INFO ] 2025-06-12 14:02:16.438 [main] LoggerLoad - POST REQUEST: IncorrectEndPoint
[INFO ] 2025-06-12 14:02:16.691 [main] LoggerLoad - POST REQUEST: IncorrectBaseURL
[INFO ] 2025-06-12 14:02:16.936 [main] LoggerLoad - POST REQUEST: ExistingUser
[INFO ] 2025-06-12 14:02:17.137 [main] LoggerLoad - POST REQUEST: ValidNam
[INFO ] 2025-06-12 14:02:17.362 [main] LoggerLoad - PUT REQUEST By ID: Valid
[INFO ] 2025-06-12 14:02:17.362 [main] LoggerLoad - PUT REQUEST: Valid
[INFO ] 2025-06-12 14:02:17.669 [main] LoggerLoad - PUT REQUEST By ID: AlreadyExisting
[INFO ] 2025-06-12 14:02:17.670 [main] LoggerLoad - PUT REQUEST: AlreadyExisting
[INFO ] 2025-06-12 14:02:17.874 [main] LoggerLoad - PUT REQUEST By ID: CharFirstName
[INFO ] 2025-06-12 14:02:17.874 [main] LoggerLoad - PUT REQUEST: CharFirstName
[INFO ] 2025-06-12 14:02:18.088 [main] LoggerLoad - PUT REQUEST By ID: EmptyFirstName
[INFO ] 2025-06-12 14:02:18.088 [main] LoggerLoad - PUT REQUEST: EmptyFirstName
[INFO ] 2025-06-12 14:02:18.307 [main] LoggerLoad - PUT REQUEST By ID: NumericLastname
[INFO ] 2025-06-12 14:02:18.307 [main] LoggerLoad - PUT REQUEST: NumericLastname
[INFO ] 2025-06-12 14:02:18.503 [main] LoggerLoad - PUT REQUEST By ID: CharLastName
[INFO ] 2025-06-12 14:02:18.503 [main] LoggerLoad - PUT REQUEST: CharLastName
[INFO ] 2025-06-12 14:02:18.705 [main] LoggerLoad - PUT REQUEST By ID: EmptyLastName
[INFO ] 2025-06-12 14:02:18.705 [main] LoggerLoad - PUT REQUEST: EmptyLastName
[INFO ] 2025-06-12 14:02:18.906 [main] LoggerLoad - PUT REQUEST By ID: PhoneGrt10Digit
[INFO ] 2025-06-12 14:02:18.907 [main] LoggerLoad - PUT REQUEST: PhoneGrt10Digit
[INFO ] 2025-06-12 14:02:19.126 [main] LoggerLoad - PUT REQUEST By ID: PhoneLess10Digit
[INFO ] 2025-06-12 14:02:19.126 [main] LoggerLoad - PUT REQUEST: PhoneLess10Digit
[INFO ] 2025-06-12 14:02:19.325 [main] LoggerLoad - PUT REQUEST By ID: EmptyPhone
[INFO ] 2025-06-12 14:02:19.327 [main] LoggerLoad - PUT REQUEST: EmptyPhone
[INFO ] 2025-06-12 14:02:19.721 [main] LoggerLoad - PUT REQUEST By ID: EmailEmpty
[INFO ] 2025-06-12 14:02:19.721 [main] LoggerLoad - PUT REQUEST: EmailEmpty
[INFO ] 2025-06-12 14:02:19.962 [main] LoggerLoad - PUT REQUEST By ID: EmptyUsr
[INFO ] 2025-06-12 14:02:19.962 [main] LoggerLoad - PUT REQUEST: EmptyUsr
[INFO ] 2025-06-12 14:02:20.159 [main] LoggerLoad - PUT REQUEST By ID: EmptyPswd
[INFO ] 2025-06-12 14:02:20.159 [main] LoggerLoad - PUT REQUEST: EmptyPswd
[INFO ] 2025-06-12 14:02:20.372 [main] LoggerLoad - PUT REQUEST By ID: IncorrectBaseURL
[INFO ] 2025-06-12 14:02:20.372 [main] LoggerLoad - PUT REQUEST: IncorrectBaseURL
[INFO ] 2025-06-12 14:02:20.500 [main] LoggerLoad - PUT REQUEST By ID: NoAuth
[INFO ] 2025-06-12 14:02:20.500 [main] LoggerLoad - PUT REQUEST: NoAuth
[INFO ] 2025-06-12 14:02:20.754 [main] LoggerLoad - PUT REQUEST By ID: IncorrectEndPoint
[INFO ] 2025-06-12 14:02:20.754 [main] LoggerLoad - PUT REQUEST: IncorrectEndPoint
[INFO ] 2025-06-12 14:02:21.084 [main] LoggerLoad - Closing Workbook
[INFO ] 2025-06-12 14:04:26.622 [main] LoggerLoad - RestAssured Swagger API Execution
[INFO ] 2025-06-12 14:04:26.624 [main] LoggerLoad - Initializing Workbook
[INFO ] 2025-06-12 14:04:26.625 [main] LoggerLoad - Initializing Excel Reader with path: src/test/resources/TestData/API_TestData.xlsx
[INFO ] 2025-06-12 14:04:27.141 [main] LoggerLoad - POST REQUEST: Valid
[INFO ] 2025-06-12 14:04:29.067 [main] LoggerLoad - POST REQUEST: EmptyPswd
[INFO ] 2025-06-12 14:04:29.273 [main] LoggerLoad - POST REQUEST: EmptyUsr
[INFO ] 2025-06-12 14:04:29.473 [main] LoggerLoad - POST REQUEST: NoAuth
[INFO ] 2025-06-12 14:04:29.661 [main] LoggerLoad - POST REQUEST: IncorrectEndPoint
[INFO ] 2025-06-12 14:04:29.901 [main] LoggerLoad - POST REQUEST: IncorrectBaseURL
[INFO ] 2025-06-12 14:04:30.111 [main] LoggerLoad - POST REQUEST: ExistingUser
[INFO ] 2025-06-12 14:04:30.309 [main] LoggerLoad - POST REQUEST: ValidNam
[INFO ] 2025-06-12 14:04:30.545 [main] LoggerLoad - PUT REQUEST By ID: Valid
[INFO ] 2025-06-12 14:04:30.545 [main] LoggerLoad - PUT REQUEST: Valid
[INFO ] 2025-06-12 14:04:30.915 [main] LoggerLoad - PUT REQUEST By ID: AlreadyExisting
[INFO ] 2025-06-12 14:04:30.915 [main] LoggerLoad - PUT REQUEST: AlreadyExisting
[INFO ] 2025-06-12 14:04:31.130 [main] LoggerLoad - PUT REQUEST By ID: CharFirstName
[INFO ] 2025-06-12 14:04:31.130 [main] LoggerLoad - PUT REQUEST: CharFirstName
[INFO ] 2025-06-12 14:04:31.334 [main] LoggerLoad - PUT REQUEST By ID: EmptyFirstName
[INFO ] 2025-06-12 14:04:31.334 [main] LoggerLoad - PUT REQUEST: EmptyFirstName
[INFO ] 2025-06-12 14:04:31.541 [main] LoggerLoad - PUT REQUEST By ID: NumericLastname
[INFO ] 2025-06-12 14:04:31.541 [main] LoggerLoad - PUT REQUEST: NumericLastname
[INFO ] 2025-06-12 14:04:31.814 [main] LoggerLoad - PUT REQUEST By ID: CharLastName
[INFO ] 2025-06-12 14:04:31.814 [main] LoggerLoad - PUT REQUEST: CharLastName
[INFO ] 2025-06-12 14:04:32.017 [main] LoggerLoad - PUT REQUEST By ID: EmptyLastName
[INFO ] 2025-06-12 14:04:32.017 [main] LoggerLoad - PUT REQUEST: EmptyLastName
[INFO ] 2025-06-12 14:04:32.322 [main] LoggerLoad - PUT REQUEST By ID: PhoneGrt10Digit
[INFO ] 2025-06-12 14:04:32.322 [main] LoggerLoad - PUT REQUEST: PhoneGrt10Digit
[INFO ] 2025-06-12 14:04:32.645 [main] LoggerLoad - PUT REQUEST By ID: PhoneLess10Digit
[INFO ] 2025-06-12 14:04:32.646 [main] LoggerLoad - PUT REQUEST: PhoneLess10Digit
[INFO ] 2025-06-12 14:04:32.860 [main] LoggerLoad - PUT REQUEST By ID: EmptyPhone
[INFO ] 2025-06-12 14:04:32.860 [main] LoggerLoad - PUT REQUEST: EmptyPhone
[INFO ] 2025-06-12 14:04:33.252 [main] LoggerLoad - PUT REQUEST By ID: EmailEmpty
[INFO ] 2025-06-12 14:04:33.252 [main] LoggerLoad - PUT REQUEST: EmailEmpty
[INFO ] 2025-06-12 14:04:33.466 [main] LoggerLoad - PUT REQUEST By ID: EmptyUsr
[INFO ] 2025-06-12 14:04:33.466 [main] LoggerLoad - PUT REQUEST: EmptyUsr
[INFO ] 2025-06-12 14:04:33.682 [main] LoggerLoad - PUT REQUEST By ID: EmptyPswd
[INFO ] 2025-06-12 14:04:33.682 [main] LoggerLoad - PUT REQUEST: EmptyPswd
[INFO ] 2025-06-12 14:04:33.917 [main] LoggerLoad - PUT REQUEST By ID: IncorrectBaseURL
[INFO ] 2025-06-12 14:04:33.917 [main] LoggerLoad - PUT REQUEST: IncorrectBaseURL
[INFO ] 2025-06-12 14:04:34.059 [main] LoggerLoad - PUT REQUEST By ID: NoAuth
[INFO ] 2025-06-12 14:04:34.059 [main] LoggerLoad - PUT REQUEST: NoAuth
[INFO ] 2025-06-12 14:04:34.279 [main] LoggerLoad - PUT REQUEST By ID: IncorrectEndPoint
[INFO ] 2025-06-12 14:04:34.280 [main] LoggerLoad - PUT REQUEST: IncorrectEndPoint
[INFO ] 2025-06-12 14:04:34.563 [main] LoggerLoad - Closing Workbook
[INFO ] 2025-06-12 14:06:05.056 [main] LoggerLoad - RestAssured Swagger API Execution
[INFO ] 2025-06-12 14:06:05.059 [main] LoggerLoad - Initializing Workbook
[INFO ] 2025-06-12 14:06:05.060 [main] LoggerLoad - Initializing Excel Reader with path: src/test/resources/TestData/API_TestData.xlsx
[INFO ] 2025-06-12 14:06:05.565 [main] LoggerLoad - POST REQUEST: Valid
[INFO ] 2025-06-12 14:06:07.633 [main] LoggerLoad - POST REQUEST: EmptyPswd
[INFO ] 2025-06-12 14:06:07.864 [main] LoggerLoad - POST REQUEST: EmptyUsr
[INFO ] 2025-06-12 14:06:08.179 [main] LoggerLoad - POST REQUEST: NoAuth
[INFO ] 2025-06-12 14:06:08.431 [main] LoggerLoad - POST REQUEST: IncorrectEndPoint
[INFO ] 2025-06-12 14:06:08.693 [main] LoggerLoad - POST REQUEST: IncorrectBaseURL
[INFO ] 2025-06-12 14:06:08.907 [main] LoggerLoad - POST REQUEST: ExistingUser
[INFO ] 2025-06-12 14:06:09.131 [main] LoggerLoad - POST REQUEST: ValidNam
[INFO ] 2025-06-12 14:06:09.337 [main] LoggerLoad - PUT REQUEST By ID: Valid
[INFO ] 2025-06-12 14:06:09.337 [main] LoggerLoad - PUT REQUEST: Valid
[INFO ] 2025-06-12 14:06:09.575 [main] LoggerLoad - PUT REQUEST By ID: AlreadyExisting
[INFO ] 2025-06-12 14:06:09.575 [main] LoggerLoad - PUT REQUEST: AlreadyExisting
[INFO ] 2025-06-12 14:06:09.793 [main] LoggerLoad - PUT REQUEST By ID: CharFirstName
[INFO ] 2025-06-12 14:06:09.794 [main] LoggerLoad - PUT REQUEST: CharFirstName
[INFO ] 2025-06-12 14:06:10.021 [main] LoggerLoad - PUT REQUEST By ID: EmptyFirstName
[INFO ] 2025-06-12 14:06:10.021 [main] LoggerLoad - PUT REQUEST: EmptyFirstName
[INFO ] 2025-06-12 14:06:10.268 [main] LoggerLoad - PUT REQUEST By ID: NumericLastname
[INFO ] 2025-06-12 14:06:10.268 [main] LoggerLoad - PUT REQUEST: NumericLastname
[INFO ] 2025-06-12 14:06:10.461 [main] LoggerLoad - PUT REQUEST By ID: CharLastName
[INFO ] 2025-06-12 14:06:10.461 [main] LoggerLoad - PUT REQUEST: CharLastName
[INFO ] 2025-06-12 14:06:10.669 [main] LoggerLoad - PUT REQUEST By ID: EmptyLastName
[INFO ] 2025-06-12 14:06:10.671 [main] LoggerLoad - PUT REQUEST: EmptyLastName
[INFO ] 2025-06-12 14:06:10.964 [main] LoggerLoad - PUT REQUEST By ID: PhoneGrt10Digit
[INFO ] 2025-06-12 14:06:10.964 [main] LoggerLoad - PUT REQUEST: PhoneGrt10Digit
[INFO ] 2025-06-12 14:06:11.172 [main] LoggerLoad - PUT REQUEST By ID: PhoneLess10Digit
[INFO ] 2025-06-12 14:06:11.172 [main] LoggerLoad - PUT REQUEST: PhoneLess10Digit
[INFO ] 2025-06-12 14:06:11.415 [main] LoggerLoad - PUT REQUEST By ID: EmptyPhone
[INFO ] 2025-06-12 14:06:11.416 [main] LoggerLoad - PUT REQUEST: EmptyPhone
[INFO ] 2025-06-12 14:06:11.857 [main] LoggerLoad - PUT REQUEST By ID: EmailEmpty
[INFO ] 2025-06-12 14:06:11.858 [main] LoggerLoad - PUT REQUEST: EmailEmpty
[INFO ] 2025-06-12 14:06:12.070 [main] LoggerLoad - PUT REQUEST By ID: EmptyUsr
[INFO ] 2025-06-12 14:06:12.070 [main] LoggerLoad - PUT REQUEST: EmptyUsr
[INFO ] 2025-06-12 14:06:12.468 [main] LoggerLoad - PUT REQUEST By ID: EmptyPswd
[INFO ] 2025-06-12 14:06:12.468 [main] LoggerLoad - PUT REQUEST: EmptyPswd
[INFO ] 2025-06-12 14:06:12.819 [main] LoggerLoad - PUT REQUEST By ID: IncorrectBaseURL
[INFO ] 2025-06-12 14:06:12.819 [main] LoggerLoad - PUT REQUEST: IncorrectBaseURL
[INFO ] 2025-06-12 14:06:12.989 [main] LoggerLoad - PUT REQUEST By ID: NoAuth
[INFO ] 2025-06-12 14:06:12.990 [main] LoggerLoad - PUT REQUEST: NoAuth
[INFO ] 2025-06-12 14:06:13.201 [main] LoggerLoad - PUT REQUEST By ID: IncorrectEndPoint
[INFO ] 2025-06-12 14:06:13.201 [main] LoggerLoad - PUT REQUEST: IncorrectEndPoint
[INFO ] 2025-06-12 14:06:13.523 [main] LoggerLoad - Closing Workbook
[INFO ] 2025-06-12 14:09:41.139 [main] LoggerLoad - RestAssured Swagger API Execution
[INFO ] 2025-06-12 14:09:41.142 [main] LoggerLoad - Initializing Workbook
[INFO ] 2025-06-12 14:09:41.142 [main] LoggerLoad - Initializing Excel Reader with path: src/test/resources/TestData/API_TestData.xlsx
[INFO ] 2025-06-12 14:09:41.631 [main] LoggerLoad - POST REQUEST: Valid
[INFO ] 2025-06-12 14:09:43.116 [main] LoggerLoad - POST REQUEST: EmptyPswd
[INFO ] 2025-06-12 14:09:43.343 [main] LoggerLoad - POST REQUEST: EmptyUsr
[INFO ] 2025-06-12 14:09:43.665 [main] LoggerLoad - POST REQUEST: NoAuth
[INFO ] 2025-06-12 14:09:43.873 [main] LoggerLoad - POST REQUEST: IncorrectEndPoint
[INFO ] 2025-06-12 14:09:44.111 [main] LoggerLoad - POST REQUEST: IncorrectBaseURL
[INFO ] 2025-06-12 14:09:44.350 [main] LoggerLoad - POST REQUEST: ExistingUser
[INFO ] 2025-06-12 14:09:44.552 [main] LoggerLoad - POST REQUEST: ValidNam
[INFO ] 2025-06-12 14:09:44.774 [main] LoggerLoad - PUT REQUEST By ID: Valid
[INFO ] 2025-06-12 14:09:44.774 [main] LoggerLoad - PUT REQUEST: Valid
[INFO ] 2025-06-12 14:09:45.377 [main] LoggerLoad - PUT REQUEST By ID: AlreadyExisting
[INFO ] 2025-06-12 14:09:45.377 [main] LoggerLoad - PUT REQUEST: AlreadyExisting
[INFO ] 2025-06-12 14:09:45.591 [main] LoggerLoad - PUT REQUEST By ID: CharFirstName
[INFO ] 2025-06-12 14:09:45.591 [main] LoggerLoad - PUT REQUEST: CharFirstName
[INFO ] 2025-06-12 14:09:45.806 [main] LoggerLoad - PUT REQUEST By ID: EmptyFirstName
[INFO ] 2025-06-12 14:09:45.806 [main] LoggerLoad - PUT REQUEST: EmptyFirstName
[INFO ] 2025-06-12 14:09:46.004 [main] LoggerLoad - PUT REQUEST By ID: NumericLastname
[INFO ] 2025-06-12 14:09:46.004 [main] LoggerLoad - PUT REQUEST: NumericLastname
[INFO ] 2025-06-12 14:09:46.200 [main] LoggerLoad - PUT REQUEST By ID: CharLastName
[INFO ] 2025-06-12 14:09:46.200 [main] LoggerLoad - PUT REQUEST: CharLastName
[INFO ] 2025-06-12 14:09:46.418 [main] LoggerLoad - PUT REQUEST By ID: EmptyLastName
[INFO ] 2025-06-12 14:09:46.418 [main] LoggerLoad - PUT REQUEST: EmptyLastName
[INFO ] 2025-06-12 14:09:46.617 [main] LoggerLoad - PUT REQUEST By ID: PhoneGrt10Digit
[INFO ] 2025-06-12 14:09:46.617 [main] LoggerLoad - PUT REQUEST: PhoneGrt10Digit
[INFO ] 2025-06-12 14:09:46.824 [main] LoggerLoad - PUT REQUEST By ID: PhoneLess10Digit
[INFO ] 2025-06-12 14:09:46.824 [main] LoggerLoad - PUT REQUEST: PhoneLess10Digit
[INFO ] 2025-06-12 14:09:47.039 [main] LoggerLoad - PUT REQUEST By ID: EmptyPhone
[INFO ] 2025-06-12 14:09:47.040 [main] LoggerLoad - PUT REQUEST: EmptyPhone
[INFO ] 2025-06-12 14:09:47.424 [main] LoggerLoad - PUT REQUEST By ID: EmailEmpty
[INFO ] 2025-06-12 14:09:47.424 [main] LoggerLoad - PUT REQUEST: EmailEmpty
[INFO ] 2025-06-12 14:09:47.637 [main] LoggerLoad - PUT REQUEST By ID: EmptyUsr
[INFO ] 2025-06-12 14:09:47.638 [main] LoggerLoad - PUT REQUEST: EmptyUsr
[INFO ] 2025-06-12 14:09:47.843 [main] LoggerLoad - PUT REQUEST By ID: EmptyPswd
[INFO ] 2025-06-12 14:09:47.843 [main] LoggerLoad - PUT REQUEST: EmptyPswd
[INFO ] 2025-06-12 14:09:48.086 [main] LoggerLoad - PUT REQUEST By ID: IncorrectBaseURL
[INFO ] 2025-06-12 14:09:48.086 [main] LoggerLoad - PUT REQUEST: IncorrectBaseURL
[INFO ] 2025-06-12 14:09:48.651 [main] LoggerLoad - PUT REQUEST By ID: NoAuth
[INFO ] 2025-06-12 14:09:48.651 [main] LoggerLoad - PUT REQUEST: NoAuth
[INFO ] 2025-06-12 14:09:48.668 [main] LoggerLoad - PUT REQUEST By ID: IncorrectEndPoint
[INFO ] 2025-06-12 14:09:48.668 [main] LoggerLoad - PUT REQUEST: IncorrectEndPoint
[INFO ] 2025-06-12 14:09:48.966 [main] LoggerLoad - Closing Workbook
[INFO ] 2025-06-12 14:11:26.148 [main] LoggerLoad - RestAssured Swagger API Execution
[INFO ] 2025-06-12 14:11:26.151 [main] LoggerLoad - Initializing Workbook
[INFO ] 2025-06-12 14:11:26.151 [main] LoggerLoad - Initializing Excel Reader with path: src/test/resources/TestData/API_TestData.xlsx
[INFO ] 2025-06-12 14:11:26.644 [main] LoggerLoad - POST REQUEST: Valid
[INFO ] 2025-06-12 14:11:28.089 [main] LoggerLoad - POST REQUEST: EmptyPswd
[INFO ] 2025-06-12 14:11:28.353 [main] LoggerLoad - POST REQUEST: EmptyUsr
[INFO ] 2025-06-12 14:11:28.591 [main] LoggerLoad - POST REQUEST: NoAuth
[INFO ] 2025-06-12 14:11:28.824 [main] LoggerLoad - POST REQUEST: IncorrectEndPoint
[INFO ] 2025-06-12 14:11:29.080 [main] LoggerLoad - POST REQUEST: IncorrectBaseURL
[INFO ] 2025-06-12 14:11:29.296 [main] LoggerLoad - POST REQUEST: ExistingUser
[INFO ] 2025-06-12 14:11:29.527 [main] LoggerLoad - POST REQUEST: ValidNam
[INFO ] 2025-06-12 14:11:29.745 [main] LoggerLoad - PUT REQUEST By ID: Valid
[INFO ] 2025-06-12 14:11:29.753 [main] LoggerLoad - PUT REQUEST: Valid
[INFO ] 2025-06-12 14:11:30.344 [main] LoggerLoad - PUT REQUEST By ID: AlreadyExisting
[INFO ] 2025-06-12 14:11:30.344 [main] LoggerLoad - PUT REQUEST: AlreadyExisting
[INFO ] 2025-06-12 14:11:30.629 [main] LoggerLoad - PUT REQUEST By ID: CharFirstName
[INFO ] 2025-06-12 14:11:30.629 [main] LoggerLoad - PUT REQUEST: CharFirstName
[INFO ] 2025-06-12 14:11:30.842 [main] LoggerLoad - PUT REQUEST By ID: EmptyFirstName
[INFO ] 2025-06-12 14:11:30.842 [main] LoggerLoad - PUT REQUEST: EmptyFirstName
[INFO ] 2025-06-12 14:11:31.046 [main] LoggerLoad - PUT REQUEST By ID: NumericLastname
[INFO ] 2025-06-12 14:11:31.046 [main] LoggerLoad - PUT REQUEST: NumericLastname
[INFO ] 2025-06-12 14:11:31.345 [main] LoggerLoad - PUT REQUEST By ID: CharLastName
[INFO ] 2025-06-12 14:11:31.345 [main] LoggerLoad - PUT REQUEST: CharLastName
[INFO ] 2025-06-12 14:11:31.741 [main] LoggerLoad - PUT REQUEST By ID: EmptyLastName
[INFO ] 2025-06-12 14:11:31.741 [main] LoggerLoad - PUT REQUEST: EmptyLastName
[INFO ] 2025-06-12 14:11:31.992 [main] LoggerLoad - PUT REQUEST By ID: PhoneGrt10Digit
[INFO ] 2025-06-12 14:11:31.992 [main] LoggerLoad - PUT REQUEST: PhoneGrt10Digit
[INFO ] 2025-06-12 14:11:32.279 [main] LoggerLoad - PUT REQUEST By ID: PhoneLess10Digit
[INFO ] 2025-06-12 14:11:32.280 [main] LoggerLoad - PUT REQUEST: PhoneLess10Digit
[INFO ] 2025-06-12 14:11:32.532 [main] LoggerLoad - PUT REQUEST By ID: EmptyPhone
[INFO ] 2025-06-12 14:11:32.532 [main] LoggerLoad - PUT REQUEST: EmptyPhone
[INFO ] 2025-06-12 14:11:32.915 [main] LoggerLoad - PUT REQUEST By ID: EmailEmpty
[INFO ] 2025-06-12 14:11:32.915 [main] LoggerLoad - PUT REQUEST: EmailEmpty
[INFO ] 2025-06-12 14:11:33.110 [main] LoggerLoad - PUT REQUEST By ID: EmptyUsr
[INFO ] 2025-06-12 14:11:33.111 [main] LoggerLoad - PUT REQUEST: EmptyUsr
[INFO ] 2025-06-12 14:11:33.308 [main] LoggerLoad - PUT REQUEST By ID: EmptyPswd
[INFO ] 2025-06-12 14:11:33.308 [main] LoggerLoad - PUT REQUEST: EmptyPswd
[INFO ] 2025-06-12 14:11:33.517 [main] LoggerLoad - PUT REQUEST By ID: IncorrectBaseURL
[INFO ] 2025-06-12 14:11:33.517 [main] LoggerLoad - PUT REQUEST: IncorrectBaseURL
[INFO ] 2025-06-12 14:11:33.638 [main] LoggerLoad - PUT REQUEST By ID: NoAuth
[INFO ] 2025-06-12 14:11:33.639 [main] LoggerLoad - PUT REQUEST: NoAuth
[INFO ] 2025-06-12 14:11:33.653 [main] LoggerLoad - PUT REQUEST By ID: IncorrectEndPoint
[INFO ] 2025-06-12 14:11:33.654 [main] LoggerLoad - PUT REQUEST: IncorrectEndPoint
[INFO ] 2025-06-12 14:11:33.905 [main] LoggerLoad - Closing Workbook
[INFO ] 2025-06-12 14:12:50.232 [main] LoggerLoad - RestAssured Swagger API Execution
[INFO ] 2025-06-12 14:12:50.233 [main] LoggerLoad - Initializing Workbook
[INFO ] 2025-06-12 14:12:50.233 [main] LoggerLoad - Initializing Excel Reader with path: src/test/resources/TestData/API_TestData.xlsx
[INFO ] 2025-06-12 14:12:50.750 [main] LoggerLoad - POST REQUEST: Valid
[INFO ] 2025-06-12 14:12:52.256 [main] LoggerLoad - POST REQUEST: EmptyPswd
[INFO ] 2025-06-12 14:12:52.512 [main] LoggerLoad - POST REQUEST: EmptyUsr
[INFO ] 2025-06-12 14:12:52.739 [main] LoggerLoad - POST REQUEST: NoAuth
[INFO ] 2025-06-12 14:12:52.982 [main] LoggerLoad - POST REQUEST: IncorrectEndPoint
[INFO ] 2025-06-12 14:12:53.233 [main] LoggerLoad - POST REQUEST: IncorrectBaseURL
[INFO ] 2025-06-12 14:12:53.456 [main] LoggerLoad - POST REQUEST: ExistingUser
[INFO ] 2025-06-12 14:12:53.664 [main] LoggerLoad - POST REQUEST: ValidNam
[INFO ] 2025-06-12 14:12:53.889 [main] LoggerLoad - PUT REQUEST By ID: Valid
[INFO ] 2025-06-12 14:12:53.890 [main] LoggerLoad - PUT REQUEST: Valid
[INFO ] 2025-06-12 14:12:54.521 [main] LoggerLoad - PUT REQUEST By ID: AlreadyExisting
[INFO ] 2025-06-12 14:12:54.522 [main] LoggerLoad - PUT REQUEST: AlreadyExisting
[INFO ] 2025-06-12 14:12:54.758 [main] LoggerLoad - PUT REQUEST By ID: CharFirstName
[INFO ] 2025-06-12 14:12:54.758 [main] LoggerLoad - PUT REQUEST: CharFirstName
[INFO ] 2025-06-12 14:12:54.988 [main] LoggerLoad - PUT REQUEST By ID: EmptyFirstName
[INFO ] 2025-06-12 14:12:54.988 [main] LoggerLoad - PUT REQUEST: EmptyFirstName
[INFO ] 2025-06-12 14:12:55.168 [main] LoggerLoad - PUT REQUEST By ID: NumericLastname
[INFO ] 2025-06-12 14:12:55.169 [main] LoggerLoad - PUT REQUEST: NumericLastname
[INFO ] 2025-06-12 14:12:55.375 [main] LoggerLoad - PUT REQUEST By ID: CharLastName
[INFO ] 2025-06-12 14:12:55.375 [main] LoggerLoad - PUT REQUEST: CharLastName
[INFO ] 2025-06-12 14:12:55.575 [main] LoggerLoad - PUT REQUEST By ID: EmptyLastName
[INFO ] 2025-06-12 14:12:55.575 [main] LoggerLoad - PUT REQUEST: EmptyLastName
[INFO ] 2025-06-12 14:12:55.822 [main] LoggerLoad - PUT REQUEST By ID: PhoneGrt10Digit
[INFO ] 2025-06-12 14:12:55.823 [main] LoggerLoad - PUT REQUEST: PhoneGrt10Digit
[INFO ] 2025-06-12 14:12:56.037 [main] LoggerLoad - PUT REQUEST By ID: PhoneLess10Digit
[INFO ] 2025-06-12 14:12:56.037 [main] LoggerLoad - PUT REQUEST: PhoneLess10Digit
[INFO ] 2025-06-12 14:12:56.237 [main] LoggerLoad - PUT REQUEST By ID: EmptyPhone
[INFO ] 2025-06-12 14:12:56.237 [main] LoggerLoad - PUT REQUEST: EmptyPhone
[INFO ] 2025-06-12 14:12:56.602 [main] LoggerLoad - PUT REQUEST By ID: EmailEmpty
[INFO ] 2025-06-12 14:12:56.602 [main] LoggerLoad - PUT REQUEST: EmailEmpty
[INFO ] 2025-06-12 14:12:56.836 [main] LoggerLoad - PUT REQUEST By ID: EmptyUsr
[INFO ] 2025-06-12 14:12:56.836 [main] LoggerLoad - PUT REQUEST: EmptyUsr
[INFO ] 2025-06-12 14:12:57.037 [main] LoggerLoad - PUT REQUEST By ID: EmptyPswd
[INFO ] 2025-06-12 14:12:57.037 [main] LoggerLoad - PUT REQUEST: EmptyPswd
[INFO ] 2025-06-12 14:12:57.230 [main] LoggerLoad - PUT REQUEST By ID: IncorrectBaseURL
[INFO ] 2025-06-12 14:12:57.230 [main] LoggerLoad - PUT REQUEST: IncorrectBaseURL
[INFO ] 2025-06-12 14:12:57.357 [main] LoggerLoad - PUT REQUEST By ID: NoAuth
[INFO ] 2025-06-12 14:12:57.358 [main] LoggerLoad - PUT REQUEST: NoAuth
[INFO ] 2025-06-12 14:12:57.562 [main] LoggerLoad - PUT REQUEST By ID: IncorrectEndPoint
[INFO ] 2025-06-12 14:12:57.562 [main] LoggerLoad - PUT REQUEST: IncorrectEndPoint
[INFO ] 2025-06-12 14:12:57.858 [main] LoggerLoad - Closing Workbook
[INFO ] 2025-06-12 14:26:37.846 [main] LoggerLoad - RestAssured Swagger API Execution
[INFO ] 2025-06-12 14:26:37.849 [main] LoggerLoad - Initializing Workbook
[INFO ] 2025-06-12 14:26:37.849 [main] LoggerLoad - Initializing Excel Reader with path: src/test/resources/TestData/API_TestData.xlsx
[INFO ] 2025-06-12 14:26:38.371 [main] LoggerLoad - POST REQUEST: Valid
[INFO ] 2025-06-12 14:26:39.846 [main] LoggerLoad - POST REQUEST: EmptyPswd
[INFO ] 2025-06-12 14:26:40.110 [main] LoggerLoad - POST REQUEST: EmptyUsr
[INFO ] 2025-06-12 14:26:40.311 [main] LoggerLoad - POST REQUEST: NoAuth
[INFO ] 2025-06-12 14:26:40.574 [main] LoggerLoad - POST REQUEST: IncorrectEndPoint
[INFO ] 2025-06-12 14:26:40.872 [main] LoggerLoad - POST REQUEST: IncorrectBaseURL
[INFO ] 2025-06-12 14:26:41.057 [main] LoggerLoad - POST REQUEST: ExistingUser
[INFO ] 2025-06-12 14:26:41.260 [main] LoggerLoad - POST REQUEST: ValidNam
[INFO ] 2025-06-12 14:26:41.533 [main] LoggerLoad - POST REQUEST: Valid
[INFO ] 2025-06-12 14:26:41.778 [main] LoggerLoad - PUT REQUEST By ID: Valid
[INFO ] 2025-06-12 14:26:41.778 [main] LoggerLoad - PUT REQUEST: Valid
[INFO ] 2025-06-12 14:26:42.416 [main] LoggerLoad - PUT REQUEST By ID: AlreadyExisting
[INFO ] 2025-06-12 14:26:42.416 [main] LoggerLoad - PUT REQUEST: AlreadyExisting
[INFO ] 2025-06-12 14:26:42.670 [main] LoggerLoad - PUT REQUEST By ID: CharFirstName
[INFO ] 2025-06-12 14:26:42.670 [main] LoggerLoad - PUT REQUEST: CharFirstName
[INFO ] 2025-06-12 14:26:42.915 [main] LoggerLoad - PUT REQUEST By ID: EmptyFirstName
[INFO ] 2025-06-12 14:26:42.915 [main] LoggerLoad - PUT REQUEST: EmptyFirstName
[INFO ] 2025-06-12 14:26:43.172 [main] LoggerLoad - PUT REQUEST By ID: NumericLastname
[INFO ] 2025-06-12 14:26:43.172 [main] LoggerLoad - PUT REQUEST: NumericLastname
[INFO ] 2025-06-12 14:26:43.383 [main] LoggerLoad - PUT REQUEST By ID: CharLastName
[INFO ] 2025-06-12 14:26:43.383 [main] LoggerLoad - PUT REQUEST: CharLastName
[INFO ] 2025-06-12 14:26:43.642 [main] LoggerLoad - PUT REQUEST By ID: EmptyLastName
[INFO ] 2025-06-12 14:26:43.642 [main] LoggerLoad - PUT REQUEST: EmptyLastName
[INFO ] 2025-06-12 14:26:43.836 [main] LoggerLoad - PUT REQUEST By ID: PhoneGrt10Digit
[INFO ] 2025-06-12 14:26:43.838 [main] LoggerLoad - PUT REQUEST: PhoneGrt10Digit
[INFO ] 2025-06-12 14:26:44.025 [main] LoggerLoad - PUT REQUEST By ID: PhoneLess10Digit
[INFO ] 2025-06-12 14:26:44.025 [main] LoggerLoad - PUT REQUEST: PhoneLess10Digit
[INFO ] 2025-06-12 14:26:44.221 [main] LoggerLoad - PUT REQUEST By ID: EmptyPhone
[INFO ] 2025-06-12 14:26:44.222 [main] LoggerLoad - PUT REQUEST: EmptyPhone
[INFO ] 2025-06-12 14:26:44.599 [main] LoggerLoad - PUT REQUEST By ID: EmailEmpty
[INFO ] 2025-06-12 14:26:44.599 [main] LoggerLoad - PUT REQUEST: EmailEmpty
[INFO ] 2025-06-12 14:26:44.805 [main] LoggerLoad - PUT REQUEST By ID: EmptyUsr
[INFO ] 2025-06-12 14:26:44.806 [main] LoggerLoad - PUT REQUEST: EmptyUsr
[INFO ] 2025-06-12 14:26:45.023 [main] LoggerLoad - PUT REQUEST By ID: EmptyPswd
[INFO ] 2025-06-12 14:26:45.023 [main] LoggerLoad - PUT REQUEST: EmptyPswd
[INFO ] 2025-06-12 14:26:45.218 [main] LoggerLoad - PUT REQUEST By ID: IncorrectBaseURL
[INFO ] 2025-06-12 14:26:45.218 [main] LoggerLoad - PUT REQUEST: IncorrectBaseURL
[INFO ] 2025-06-12 14:26:45.368 [main] LoggerLoad - PUT REQUEST By ID: NoAuth
[INFO ] 2025-06-12 14:26:45.368 [main] LoggerLoad - PUT REQUEST: NoAuth
[INFO ] 2025-06-12 14:26:45.545 [main] LoggerLoad - PUT REQUEST By ID: IncorrectEndPoint
[INFO ] 2025-06-12 14:26:45.545 [main] LoggerLoad - PUT REQUEST: IncorrectEndPoint
[INFO ] 2025-06-12 14:26:45.803 [main] LoggerLoad - DELETE REQUEST By Name: EmptyUsr
[INFO ] 2025-06-12 14:26:45.809 [main] LoggerLoad - DELETE REQUEST By Name: EmptyPswd
[INFO ] 2025-06-12 14:26:45.813 [main] LoggerLoad - DELETE REQUEST By Name: NoAuth
[INFO ] 2025-06-12 14:26:45.817 [main] LoggerLoad - DELETE REQUEST By Name: IncorrectBaseURL
[INFO ] 2025-06-12 14:26:45.820 [main] LoggerLoad - DELETE REQUEST By Name: IncorrectEndPoint
[INFO ] 2025-06-12 14:26:45.824 [main] LoggerLoad - DELETE REQUEST By Name: NonExistingUser
[INFO ] 2025-06-12 14:26:46.015 [main] LoggerLoad - DELETE REQUEST By Name: Valid
[INFO ] 2025-06-12 14:26:46.100 [main] LoggerLoad - Closing Workbook
[INFO ] 2025-06-12 14:29:22.319 [main] LoggerLoad - RestAssured Swagger API Execution
[INFO ] 2025-06-12 14:29:22.322 [main] LoggerLoad - Initializing Workbook
[INFO ] 2025-06-12 14:29:22.322 [main] LoggerLoad - Initializing Excel Reader with path: src/test/resources/TestData/API_TestData.xlsx
[INFO ] 2025-06-12 14:29:22.812 [main] LoggerLoad - GET REQUEST: EmptyUsr
[INFO ] 2025-06-12 14:29:24.175 [main] LoggerLoad - GET REQUEST: EmptyPswd
[INFO ] 2025-06-12 14:29:24.392 [main] LoggerLoad - GET REQUEST: NoAuth
[INFO ] 2025-06-12 14:29:24.640 [main] LoggerLoad - GET REQUEST: IncorrectEndPoint
[INFO ] 2025-06-12 14:29:24.856 [main] LoggerLoad - GET REQUEST: IncorrectBaseURL
[INFO ] 2025-06-12 14:29:24.979 [main] LoggerLoad - GET REQUEST: Valid
[INFO ] 2025-06-12 14:29:26.246 [main] LoggerLoad - POST REQUEST: Valid
[INFO ] 2025-06-12 14:29:26.521 [main] LoggerLoad - POST REQUEST: EmptyPswd
[INFO ] 2025-06-12 14:29:26.727 [main] LoggerLoad - POST REQUEST: EmptyUsr
[INFO ] 2025-06-12 14:29:26.920 [main] LoggerLoad - POST REQUEST: NoAuth
[INFO ] 2025-06-12 14:29:27.138 [main] LoggerLoad - POST REQUEST: IncorrectEndPoint
[INFO ] 2025-06-12 14:29:27.477 [main] LoggerLoad - POST REQUEST: IncorrectBaseURL
[INFO ] 2025-06-12 14:29:27.683 [main] LoggerLoad - POST REQUEST: ExistingUser
[INFO ] 2025-06-12 14:29:27.894 [main] LoggerLoad - POST REQUEST: ValidNam
[INFO ] 2025-06-12 14:29:28.129 [main] LoggerLoad - POST REQUEST: Valid
[INFO ] 2025-06-12 14:29:28.372 [main] LoggerLoad - GET REQUEST By ID: EmptyUsr
[INFO ] 2025-06-12 14:29:28.566 [main] LoggerLoad - GET REQUEST By ID: EmptyPswd
[INFO ] 2025-06-12 14:29:28.793 [main] LoggerLoad - GET REQUEST By ID: NoAuth
[INFO ] 2025-06-12 14:29:28.997 [main] LoggerLoad - GET REQUEST By ID: IncorrectEndPoint
[INFO ] 2025-06-12 14:29:29.186 [main] LoggerLoad - GET REQUEST By ID: IncorrectBaseURL
[INFO ] 2025-06-12 14:29:29.280 [main] LoggerLoad - GET REQUEST By ID: Valid
[INFO ] 2025-06-12 14:29:29.505 [main] LoggerLoad - GET REQUEST By Name: EmptyUsr
[INFO ] 2025-06-12 14:29:29.511 [main] LoggerLoad - GET REQUEST By Name: EmptyPswd
[INFO ] 2025-06-12 14:29:29.517 [main] LoggerLoad - GET REQUEST By Name: NoAuth
[INFO ] 2025-06-12 14:29:29.521 [main] LoggerLoad - GET REQUEST By Name: IncorrectEndPoint
[INFO ] 2025-06-12 14:29:29.525 [main] LoggerLoad - GET REQUEST By Name: IncorrectBaseURL
[INFO ] 2025-06-12 14:29:29.530 [main] LoggerLoad - GET REQUEST By Name: Valid
[INFO ] 2025-06-12 14:29:29.533 [main] LoggerLoad - PUT REQUEST By ID: Valid
[INFO ] 2025-06-12 14:29:29.534 [main] LoggerLoad - PUT REQUEST: Valid
[INFO ] 2025-06-12 14:29:30.084 [main] LoggerLoad - PUT REQUEST By ID: AlreadyExisting
[INFO ] 2025-06-12 14:29:30.084 [main] LoggerLoad - PUT REQUEST: AlreadyExisting
[INFO ] 2025-06-12 14:29:30.288 [main] LoggerLoad - PUT REQUEST By ID: CharFirstName
[INFO ] 2025-06-12 14:29:30.288 [main] LoggerLoad - PUT REQUEST: CharFirstName
[INFO ] 2025-06-12 14:29:30.483 [main] LoggerLoad - PUT REQUEST By ID: EmptyFirstName
[INFO ] 2025-06-12 14:29:30.483 [main] LoggerLoad - PUT REQUEST: EmptyFirstName
[INFO ] 2025-06-12 14:29:30.682 [main] LoggerLoad - PUT REQUEST By ID: NumericLastname
[INFO ] 2025-06-12 14:29:30.683 [main] LoggerLoad - PUT REQUEST: NumericLastname
[INFO ] 2025-06-12 14:29:30.896 [main] LoggerLoad - PUT REQUEST By ID: CharLastName
[INFO ] 2025-06-12 14:29:30.896 [main] LoggerLoad - PUT REQUEST: CharLastName
[INFO ] 2025-06-12 14:29:31.073 [main] LoggerLoad - PUT REQUEST By ID: EmptyLastName
[INFO ] 2025-06-12 14:29:31.073 [main] LoggerLoad - PUT REQUEST: EmptyLastName
[INFO ] 2025-06-12 14:29:31.289 [main] LoggerLoad - PUT REQUEST By ID: PhoneGrt10Digit
[INFO ] 2025-06-12 14:29:31.290 [main] LoggerLoad - PUT REQUEST: PhoneGrt10Digit
[INFO ] 2025-06-12 14:29:31.527 [main] LoggerLoad - PUT REQUEST By ID: PhoneLess10Digit
[INFO ] 2025-06-12 14:29:31.527 [main] LoggerLoad - PUT REQUEST: PhoneLess10Digit
[INFO ] 2025-06-12 14:29:31.759 [main] LoggerLoad - PUT REQUEST By ID: EmptyPhone
[INFO ] 2025-06-12 14:29:31.759 [main] LoggerLoad - PUT REQUEST: EmptyPhone
[INFO ] 2025-06-12 14:29:32.194 [main] LoggerLoad - PUT REQUEST By ID: EmailEmpty
[INFO ] 2025-06-12 14:29:32.194 [main] LoggerLoad - PUT REQUEST: EmailEmpty
[INFO ] 2025-06-12 14:29:32.547 [main] LoggerLoad - PUT REQUEST By ID: EmptyUsr
[INFO ] 2025-06-12 14:29:32.547 [main] LoggerLoad - PUT REQUEST: EmptyUsr
[INFO ] 2025-06-12 14:29:32.798 [main] LoggerLoad - PUT REQUEST By ID: EmptyPswd
[INFO ] 2025-06-12 14:29:32.799 [main] LoggerLoad - PUT REQUEST: EmptyPswd
[INFO ] 2025-06-12 14:29:33.010 [main] LoggerLoad - PUT REQUEST By ID: IncorrectBaseURL
[INFO ] 2025-06-12 14:29:33.010 [main] LoggerLoad - PUT REQUEST: IncorrectBaseURL
[INFO ] 2025-06-12 14:29:33.117 [main] LoggerLoad - PUT REQUEST By ID: NoAuth
[INFO ] 2025-06-12 14:29:33.117 [main] LoggerLoad - PUT REQUEST: NoAuth
[INFO ] 2025-06-12 14:29:33.314 [main] LoggerLoad - PUT REQUEST By ID: IncorrectEndPoint
[INFO ] 2025-06-12 14:29:33.314 [main] LoggerLoad - PUT REQUEST: IncorrectEndPoint
[INFO ] 2025-06-12 14:29:33.524 [main] LoggerLoad - DELETE REQUEST By Name: EmptyUsr
[INFO ] 2025-06-12 14:29:33.527 [main] LoggerLoad - DELETE REQUEST By Name: EmptyPswd
[INFO ] 2025-06-12 14:29:33.533 [main] LoggerLoad - DELETE REQUEST By Name: NoAuth
[INFO ] 2025-06-12 14:29:33.536 [main] LoggerLoad - DELETE REQUEST By Name: IncorrectBaseURL
[INFO ] 2025-06-12 14:29:33.540 [main] LoggerLoad - DELETE REQUEST By Name: IncorrectEndPoint
[INFO ] 2025-06-12 14:29:33.544 [main] LoggerLoad - DELETE REQUEST By Name: NonExistingUser
[INFO ] 2025-06-12 14:29:33.742 [main] LoggerLoad - DELETE REQUEST By Name: Valid
[INFO ] 2025-06-12 14:29:33.746 [main] LoggerLoad - DELETE REQUEST By ID: EmptyUsr
[INFO ] 2025-06-12 14:29:33.923 [main] LoggerLoad - DELETE REQUEST By ID: EmptyPswd
[INFO ] 2025-06-12 14:29:34.096 [main] LoggerLoad - DELETE REQUEST By ID: NoAuth
[INFO ] 2025-06-12 14:29:34.269 [main] LoggerLoad - DELETE REQUEST By ID: IncorrectBaseURL
[INFO ] 2025-06-12 14:29:34.357 [main] LoggerLoad - DELETE REQUEST By ID: IncorrectEndPoint
[INFO ] 2025-06-12 14:29:34.536 [main] LoggerLoad - DELETE REQUEST By ID: NonExistingUser
[INFO ] 2025-06-12 14:29:34.715 [main] LoggerLoad - DELETE REQUEST By ID: Valid
[INFO ] 2025-06-12 14:29:35.019 [main] LoggerLoad - Closing Workbook
[INFO ] 2025-06-12 14:35:12.309 [main] LoggerLoad - RestAssured Swagger API Execution
[INFO ] 2025-06-12 14:35:12.312 [main] LoggerLoad - Initializing Workbook
[INFO ] 2025-06-12 14:35:12.312 [main] LoggerLoad - Initializing Excel Reader with path: src/test/resources/TestData/API_TestData.xlsx
[INFO ] 2025-06-12 14:35:12.837 [main] LoggerLoad - GET REQUEST: EmptyUsr
[INFO ] 2025-06-12 14:35:14.239 [main] LoggerLoad - GET REQUEST: EmptyPswd
[INFO ] 2025-06-12 14:35:14.452 [main] LoggerLoad - GET REQUEST: NoAuth
[INFO ] 2025-06-12 14:35:14.671 [main] LoggerLoad - GET REQUEST: IncorrectEndPoint
[INFO ] 2025-06-12 14:35:14.933 [main] LoggerLoad - GET REQUEST: IncorrectBaseURL
[INFO ] 2025-06-12 14:35:15.547 [main] LoggerLoad - GET REQUEST: Valid
[INFO ] 2025-06-12 14:35:16.923 [main] LoggerLoad - POST REQUEST: Valid
[INFO ] 2025-06-12 14:35:17.228 [main] LoggerLoad - POST REQUEST: EmptyPswd
[INFO ] 2025-06-12 14:35:17.442 [main] LoggerLoad - POST REQUEST: EmptyUsr
[INFO ] 2025-06-12 14:35:17.637 [main] LoggerLoad - POST REQUEST: NoAuth
[INFO ] 2025-06-12 14:35:17.864 [main] LoggerLoad - POST REQUEST: IncorrectEndPoint
[INFO ] 2025-06-12 14:35:18.137 [main] LoggerLoad - POST REQUEST: IncorrectBaseURL
[INFO ] 2025-06-12 14:35:18.346 [main] LoggerLoad - POST REQUEST: ExistingUser
[INFO ] 2025-06-12 14:35:18.552 [main] LoggerLoad - POST REQUEST: ValidNam
[INFO ] 2025-06-12 14:35:18.757 [main] LoggerLoad - POST REQUEST: Valid
[INFO ] 2025-06-12 14:35:18.950 [main] LoggerLoad - GET REQUEST By ID: EmptyUsr
[INFO ] 2025-06-12 14:35:19.137 [main] LoggerLoad - GET REQUEST By ID: EmptyPswd
[INFO ] 2025-06-12 14:35:19.351 [main] LoggerLoad - GET REQUEST By ID: NoAuth
[INFO ] 2025-06-12 14:35:19.547 [main] LoggerLoad - GET REQUEST By ID: IncorrectEndPoint
[INFO ] 2025-06-12 14:35:19.755 [main] LoggerLoad - GET REQUEST By ID: IncorrectBaseURL
[INFO ] 2025-06-12 14:35:20.275 [main] LoggerLoad - GET REQUEST By ID: Valid
[INFO ] 2025-06-12 14:35:20.479 [main] LoggerLoad - GET REQUEST By Name: EmptyUsr
[INFO ] 2025-06-12 14:35:20.486 [main] LoggerLoad - GET REQUEST By Name: EmptyPswd
[INFO ] 2025-06-12 14:35:20.492 [main] LoggerLoad - GET REQUEST By Name: NoAuth
[INFO ] 2025-06-12 14:35:20.497 [main] LoggerLoad - GET REQUEST By Name: IncorrectEndPoint
[INFO ] 2025-06-12 14:35:20.501 [main] LoggerLoad - GET REQUEST By Name: IncorrectBaseURL
[INFO ] 2025-06-12 14:35:20.505 [main] LoggerLoad - GET REQUEST By Name: Valid
[INFO ] 2025-06-12 14:35:20.508 [main] LoggerLoad - PUT REQUEST By ID: Valid
[INFO ] 2025-06-12 14:35:20.509 [main] LoggerLoad - PUT REQUEST: Valid
[INFO ] 2025-06-12 14:35:20.697 [main] LoggerLoad - PUT REQUEST By ID: AlreadyExisting
[INFO ] 2025-06-12 14:35:20.697 [main] LoggerLoad - PUT REQUEST: AlreadyExisting
[INFO ] 2025-06-12 14:35:20.975 [main] LoggerLoad - PUT REQUEST By ID: CharFirstName
[INFO ] 2025-06-12 14:35:20.975 [main] LoggerLoad - PUT REQUEST: CharFirstName
[INFO ] 2025-06-12 14:35:21.267 [main] LoggerLoad - PUT REQUEST By ID: EmptyFirstName
[INFO ] 2025-06-12 14:35:21.267 [main] LoggerLoad - PUT REQUEST: EmptyFirstName
[INFO ] 2025-06-12 14:35:21.697 [main] LoggerLoad - PUT REQUEST By ID: NumericLastname
[INFO ] 2025-06-12 14:35:21.697 [main] LoggerLoad - PUT REQUEST: NumericLastname
[INFO ] 2025-06-12 14:35:21.908 [main] LoggerLoad - PUT REQUEST By ID: CharLastName
[INFO ] 2025-06-12 14:35:21.909 [main] LoggerLoad - PUT REQUEST: CharLastName
[INFO ] 2025-06-12 14:35:22.129 [main] LoggerLoad - PUT REQUEST By ID: EmptyLastName
[INFO ] 2025-06-12 14:35:22.129 [main] LoggerLoad - PUT REQUEST: EmptyLastName
[INFO ] 2025-06-12 14:35:22.389 [main] LoggerLoad - PUT REQUEST By ID: PhoneGrt10Digit
[INFO ] 2025-06-12 14:35:22.389 [main] LoggerLoad - PUT REQUEST: PhoneGrt10Digit
[INFO ] 2025-06-12 14:35:22.585 [main] LoggerLoad - PUT REQUEST By ID: PhoneLess10Digit
[INFO ] 2025-06-12 14:35:22.585 [main] LoggerLoad - PUT REQUEST: PhoneLess10Digit
[INFO ] 2025-06-12 14:35:22.777 [main] LoggerLoad - PUT REQUEST By ID: EmptyPhone
[INFO ] 2025-06-12 14:35:22.777 [main] LoggerLoad - PUT REQUEST: EmptyPhone
[INFO ] 2025-06-12 14:35:23.200 [main] LoggerLoad - PUT REQUEST By ID: EmailEmpty
[INFO ] 2025-06-12 14:35:23.201 [main] LoggerLoad - PUT REQUEST: EmailEmpty
[INFO ] 2025-06-12 14:35:23.398 [main] LoggerLoad - PUT REQUEST By ID: EmptyUsr
[INFO ] 2025-06-12 14:35:23.398 [main] LoggerLoad - PUT REQUEST: EmptyUsr
[INFO ] 2025-06-12 14:35:23.636 [main] LoggerLoad - PUT REQUEST By ID: EmptyPswd
[INFO ] 2025-06-12 14:35:23.637 [main] LoggerLoad - PUT REQUEST: EmptyPswd
[INFO ] 2025-06-12 14:35:23.814 [main] LoggerLoad - PUT REQUEST By ID: IncorrectBaseURL
[INFO ] 2025-06-12 14:35:23.814 [main] LoggerLoad - PUT REQUEST: IncorrectBaseURL
[INFO ] 2025-06-12 14:35:24.323 [main] LoggerLoad - PUT REQUEST By ID: NoAuth
[INFO ] 2025-06-12 14:35:24.323 [main] LoggerLoad - PUT REQUEST: NoAuth
[INFO ] 2025-06-12 14:35:24.513 [main] LoggerLoad - PUT REQUEST By ID: IncorrectEndPoint
[INFO ] 2025-06-12 14:35:24.513 [main] LoggerLoad - PUT REQUEST: IncorrectEndPoint
[INFO ] 2025-06-12 14:35:24.703 [main] LoggerLoad - DELETE REQUEST By Name: EmptyUsr
[INFO ] 2025-06-12 14:35:24.707 [main] LoggerLoad - DELETE REQUEST By Name: EmptyPswd
[INFO ] 2025-06-12 14:35:24.712 [main] LoggerLoad - DELETE REQUEST By Name: NoAuth
[INFO ] 2025-06-12 14:35:24.717 [main] LoggerLoad - DELETE REQUEST By Name: IncorrectBaseURL
[INFO ] 2025-06-12 14:35:24.721 [main] LoggerLoad - DELETE REQUEST By Name: IncorrectEndPoint
[INFO ] 2025-06-12 14:35:24.724 [main] LoggerLoad - DELETE REQUEST By Name: NonExistingUser
[INFO ] 2025-06-12 14:35:24.906 [main] LoggerLoad - DELETE REQUEST By Name: Valid
[INFO ] 2025-06-12 14:35:24.910 [main] LoggerLoad - DELETE REQUEST By ID: EmptyUsr
[INFO ] 2025-06-12 14:35:25.103 [main] LoggerLoad - DELETE REQUEST By ID: EmptyPswd
[INFO ] 2025-06-12 14:35:25.297 [main] LoggerLoad - DELETE REQUEST By ID: NoAuth
[INFO ] 2025-06-12 14:35:25.500 [main] LoggerLoad - DELETE REQUEST By ID: IncorrectBaseURL
[INFO ] 2025-06-12 14:35:26.033 [main] LoggerLoad - DELETE REQUEST By ID: IncorrectEndPoint
[INFO ] 2025-06-12 14:35:26.231 [main] LoggerLoad - DELETE REQUEST By ID: NonExistingUser
[INFO ] 2025-06-12 14:35:26.460 [main] LoggerLoad - DELETE REQUEST By ID: Valid
[INFO ] 2025-06-12 14:35:26.757 [main] LoggerLoad - Closing Workbook
[INFO ] 2025-06-12 14:37:21.152 [main] LoggerLoad - RestAssured Swagger API Execution
[INFO ] 2025-06-12 14:37:21.154 [main] LoggerLoad - Initializing Workbook
[INFO ] 2025-06-12 14:37:21.154 [main] LoggerLoad - Initializing Excel Reader with path: src/test/resources/TestData/API_TestData.xlsx
[INFO ] 2025-06-12 14:37:21.662 [main] LoggerLoad - GET REQUEST: EmptyUsr
[INFO ] 2025-06-12 14:37:23.043 [main] LoggerLoad - GET REQUEST: EmptyPswd
[INFO ] 2025-06-12 14:37:23.264 [main] LoggerLoad - GET REQUEST: NoAuth
[INFO ] 2025-06-12 14:37:23.528 [main] LoggerLoad - GET REQUEST: IncorrectEndPoint
[INFO ] 2025-06-12 14:37:23.790 [main] LoggerLoad - GET REQUEST: IncorrectBaseURL
[INFO ] 2025-06-12 14:37:23.922 [main] LoggerLoad - GET REQUEST: Valid
[INFO ] 2025-06-12 14:37:25.289 [main] LoggerLoad - Closing Workbook
[INFO ] 2025-06-12 14:38:09.430 [main] LoggerLoad - RestAssured Swagger API Execution
[INFO ] 2025-06-12 14:38:09.432 [main] LoggerLoad - Initializing Workbook
[INFO ] 2025-06-12 14:38:09.432 [main] LoggerLoad - Initializing Excel Reader with path: src/test/resources/TestData/API_TestData.xlsx
[INFO ] 2025-06-12 14:38:09.939 [main] LoggerLoad - GET REQUEST: EmptyUsr
[INFO ] 2025-06-12 14:38:11.328 [main] LoggerLoad - GET REQUEST: EmptyPswd
[INFO ] 2025-06-12 14:38:11.662 [main] LoggerLoad - GET REQUEST: NoAuth
[INFO ] 2025-06-12 14:38:12.064 [main] LoggerLoad - GET REQUEST: IncorrectEndPoint
[INFO ] 2025-06-12 14:38:12.348 [main] LoggerLoad - GET REQUEST: IncorrectBaseURL
[INFO ] 2025-06-12 14:38:12.490 [main] LoggerLoad - GET REQUEST: Valid
[INFO ] 2025-06-12 14:38:13.961 [main] LoggerLoad - Closing Workbook
[INFO ] 2025-06-12 14:40:25.124 [main] LoggerLoad - RestAssured Swagger API Execution
[INFO ] 2025-06-12 14:40:25.126 [main] LoggerLoad - Initializing Workbook
[INFO ] 2025-06-12 14:40:25.126 [main] LoggerLoad - Initializing Excel Reader with path: src/test/resources/TestData/API_TestData.xlsx
[INFO ] 2025-06-12 14:40:25.652 [main] LoggerLoad - GET REQUEST: EmptyUsr
[INFO ] 2025-06-12 14:40:27.095 [main] LoggerLoad - GET REQUEST: EmptyPswd
[INFO ] 2025-06-12 14:40:27.302 [main] LoggerLoad - GET REQUEST: NoAuth
[INFO ] 2025-06-12 14:40:27.494 [main] LoggerLoad - GET REQUEST: IncorrectEndPoint
[INFO ] 2025-06-12 14:40:27.764 [main] LoggerLoad - GET REQUEST: IncorrectBaseURL
[INFO ] 2025-06-12 14:40:27.893 [main] LoggerLoad - GET REQUEST: Valid
[INFO ] 2025-06-12 14:40:29.466 [main] LoggerLoad - Closing Workbook
[INFO ] 2025-06-12 14:43:46.118 [main] LoggerLoad - RestAssured Swagger API Execution
[INFO ] 2025-06-12 14:43:46.120 [main] LoggerLoad - Initializing Workbook
[INFO ] 2025-06-12 14:43:46.120 [main] LoggerLoad - Initializing Excel Reader with path: src/test/resources/TestData/API_TestData.xlsx
[INFO ] 2025-06-12 14:43:46.660 [main] LoggerLoad - GET REQUEST: EmptyUsr
[INFO ] 2025-06-12 14:43:48.061 [main] LoggerLoad - GET REQUEST: EmptyPswd
[INFO ] 2025-06-12 14:43:48.289 [main] LoggerLoad - GET REQUEST: NoAuth
[INFO ] 2025-06-12 14:43:48.549 [main] LoggerLoad - GET REQUEST: IncorrectEndPoint
[INFO ] 2025-06-12 14:43:48.836 [main] LoggerLoad - GET REQUEST: IncorrectBaseURL
[INFO ] 2025-06-12 14:43:48.973 [main] LoggerLoad - GET REQUEST: Valid
[INFO ] 2025-06-12 14:43:50.604 [main] LoggerLoad - Closing Workbook
[INFO ] 2025-06-12 14:46:23.837 [main] LoggerLoad - RestAssured Swagger API Execution
[INFO ] 2025-06-12 14:46:23.839 [main] LoggerLoad - Initializing Workbook
[INFO ] 2025-06-12 14:46:23.839 [main] LoggerLoad - Initializing Excel Reader with path: src/test/resources/TestData/API_TestData.xlsx
[INFO ] 2025-06-12 14:46:24.341 [main] LoggerLoad - GET REQUEST: EmptyUsr
[INFO ] 2025-06-12 14:46:25.770 [main] LoggerLoad - GET REQUEST: EmptyPswd
[INFO ] 2025-06-12 14:46:26.006 [main] LoggerLoad - GET REQUEST: NoAuth
[INFO ] 2025-06-12 14:46:26.213 [main] LoggerLoad - GET REQUEST: IncorrectEndPoint
[INFO ] 2025-06-12 14:46:26.460 [main] LoggerLoad - GET REQUEST: IncorrectBaseURL
[INFO ] 2025-06-12 14:46:26.645 [main] LoggerLoad - GET REQUEST: Valid
[INFO ] 2025-06-12 14:46:28.152 [main] LoggerLoad - Closing Workbook
[INFO ] 2025-06-12 14:48:54.171 [main] LoggerLoad - RestAssured Swagger API Execution
[INFO ] 2025-06-12 14:48:54.174 [main] LoggerLoad - Initializing Workbook
[INFO ] 2025-06-12 14:48:54.174 [main] LoggerLoad - Initializing Excel Reader with path: src/test/resources/TestData/API_TestData.xlsx
[INFO ] 2025-06-12 14:48:54.691 [main] LoggerLoad - GET REQUEST: EmptyUsr
[INFO ] 2025-06-12 14:48:56.112 [main] LoggerLoad - GET REQUEST: EmptyPswd
[INFO ] 2025-06-12 14:48:56.346 [main] LoggerLoad - GET REQUEST: NoAuth
[INFO ] 2025-06-12 14:48:56.571 [main] LoggerLoad - GET REQUEST: IncorrectEndPoint
[INFO ] 2025-06-12 14:48:56.837 [main] LoggerLoad - GET REQUEST: IncorrectBaseURL
[INFO ] 2025-06-12 14:48:57.392 [main] LoggerLoad - GET REQUEST: Valid
[INFO ] 2025-06-12 14:48:58.753 [main] LoggerLoad - Closing Workbook
[INFO ] 2025-06-12 14:49:52.220 [main] LoggerLoad - RestAssured Swagger API Execution
[INFO ] 2025-06-12 14:49:52.221 [main] LoggerLoad - Initializing Workbook
[INFO ] 2025-06-12 14:49:52.222 [main] LoggerLoad - Initializing Excel Reader with path: src/test/resources/TestData/API_TestData.xlsx
[INFO ] 2025-06-12 14:49:52.761 [main] LoggerLoad - GET REQUEST: EmptyUsr
[INFO ] 2025-06-12 14:49:54.344 [main] LoggerLoad - GET REQUEST: EmptyPswd
[INFO ] 2025-06-12 14:49:54.575 [main] LoggerLoad - GET REQUEST: NoAuth
[INFO ] 2025-06-12 14:49:54.869 [main] LoggerLoad - GET REQUEST: IncorrectEndPoint
[INFO ] 2025-06-12 14:49:55.186 [main] LoggerLoad - GET REQUEST: IncorrectBaseURL
[INFO ] 2025-06-12 14:49:55.745 [main] LoggerLoad - GET REQUEST: Valid
[INFO ] 2025-06-12 14:49:57.109 [main] LoggerLoad - Closing Workbook
[INFO ] 2025-06-12 14:50:43.465 [main] LoggerLoad - RestAssured Swagger API Execution
[INFO ] 2025-06-12 14:50:43.467 [main] LoggerLoad - Initializing Workbook
[INFO ] 2025-06-12 14:50:43.467 [main] LoggerLoad - Initializing Excel Reader with path: src/test/resources/TestData/API_TestData.xlsx
[INFO ] 2025-06-12 14:50:43.967 [main] LoggerLoad - GET REQUEST: EmptyUsr
[INFO ] 2025-06-12 14:50:45.468 [main] LoggerLoad - GET REQUEST: EmptyPswd
[INFO ] 2025-06-12 14:50:45.714 [main] LoggerLoad - GET REQUEST: NoAuth
[INFO ] 2025-06-12 14:50:45.913 [main] LoggerLoad - GET REQUEST: IncorrectEndPoint
[INFO ] 2025-06-12 14:50:46.229 [main] LoggerLoad - GET REQUEST: IncorrectBaseURL
[INFO ] 2025-06-12 14:50:46.744 [main] LoggerLoad - GET REQUEST: Valid
[INFO ] 2025-06-12 14:50:47.981 [main] LoggerLoad - Closing Workbook
[INFO ] 2025-06-12 14:51:23.976 [main] LoggerLoad - RestAssured Swagger API Execution
[INFO ] 2025-06-12 14:51:23.978 [main] LoggerLoad - Initializing Workbook
[INFO ] 2025-06-12 14:51:23.978 [main] LoggerLoad - Initializing Excel Reader with path: src/test/resources/TestData/API_TestData.xlsx
[INFO ] 2025-06-12 14:51:24.496 [main] LoggerLoad - GET REQUEST: EmptyUsr
[INFO ] 2025-06-12 14:51:25.906 [main] LoggerLoad - GET REQUEST: EmptyPswd
[INFO ] 2025-06-12 14:51:26.149 [main] LoggerLoad - GET REQUEST: NoAuth
[INFO ] 2025-06-12 14:51:26.343 [main] LoggerLoad - GET REQUEST: IncorrectEndPoint
[INFO ] 2025-06-12 14:51:26.555 [main] LoggerLoad - GET REQUEST: IncorrectBaseURL
[INFO ] 2025-06-12 14:51:26.778 [main] LoggerLoad - GET REQUEST: Valid
[INFO ] 2025-06-12 14:51:28.192 [main] LoggerLoad - Closing Workbook
[INFO ] 2025-06-12 14:52:21.193 [main] LoggerLoad - RestAssured Swagger API Execution
[INFO ] 2025-06-12 14:52:21.195 [main] LoggerLoad - Initializing Workbook
[INFO ] 2025-06-12 14:52:21.195 [main] LoggerLoad - Initializing Excel Reader with path: src/test/resources/TestData/API_TestData.xlsx
[INFO ] 2025-06-12 14:52:21.707 [main] LoggerLoad - GET REQUEST: EmptyUsr
[INFO ] 2025-06-12 14:52:23.133 [main] LoggerLoad - GET REQUEST: EmptyPswd
[INFO ] 2025-06-12 14:52:23.358 [main] LoggerLoad - GET REQUEST: NoAuth
[INFO ] 2025-06-12 14:52:23.603 [main] LoggerLoad - GET REQUEST: IncorrectEndPoint
[INFO ] 2025-06-12 14:52:23.861 [main] LoggerLoad - GET REQUEST: IncorrectBaseURL
[INFO ] 2025-06-12 14:52:23.989 [main] LoggerLoad - GET REQUEST: Valid
[INFO ] 2025-06-12 14:52:25.335 [main] LoggerLoad - Closing Workbook
[INFO ] 2025-06-12 14:53:33.870 [main] LoggerLoad - RestAssured Swagger API Execution
[INFO ] 2025-06-12 14:53:33.872 [main] LoggerLoad - Initializing Workbook
[INFO ] 2025-06-12 14:53:33.872 [main] LoggerLoad - Initializing Excel Reader with path: src/test/resources/TestData/API_TestData.xlsx
[INFO ] 2025-06-12 14:53:34.380 [main] LoggerLoad - GET REQUEST: EmptyUsr
[INFO ] 2025-06-12 14:53:35.774 [main] LoggerLoad - GET REQUEST: EmptyPswd
[INFO ] 2025-06-12 14:53:36.062 [main] LoggerLoad - GET REQUEST: NoAuth
[INFO ] 2025-06-12 14:53:36.264 [main] LoggerLoad - GET REQUEST: IncorrectEndPoint
[INFO ] 2025-06-12 14:53:36.555 [main] LoggerLoad - GET REQUEST: IncorrectBaseURL
[INFO ] 2025-06-12 14:53:36.692 [main] LoggerLoad - GET REQUEST: Valid
[INFO ] 2025-06-12 14:53:38.032 [main] LoggerLoad - Closing Workbook
[INFO ] 2025-06-12 14:55:57.146 [main] LoggerLoad - RestAssured Swagger API Execution
[INFO ] 2025-06-12 14:55:57.148 [main] LoggerLoad - Initializing Workbook
[INFO ] 2025-06-12 14:55:57.148 [main] LoggerLoad - Initializing Excel Reader with path: src/test/resources/TestData/API_TestData.xlsx
[INFO ] 2025-06-12 14:55:57.662 [main] LoggerLoad - GET REQUEST: EmptyUsr
[INFO ] 2025-06-12 14:55:59.152 [main] LoggerLoad - GET REQUEST: EmptyPswd
[INFO ] 2025-06-12 14:55:59.436 [main] LoggerLoad - GET REQUEST: NoAuth
[INFO ] 2025-06-12 14:55:59.635 [main] LoggerLoad - GET REQUEST: IncorrectEndPoint
[INFO ] 2025-06-12 14:55:59.880 [main] LoggerLoad - GET REQUEST: IncorrectBaseURL
[INFO ] 2025-06-12 14:56:00.014 [main] LoggerLoad - GET REQUEST: Valid
[INFO ] 2025-06-12 14:56:01.458 [main] LoggerLoad - POST REQUEST: Valid
[INFO ] 2025-06-12 14:56:02.311 [main] LoggerLoad - POST REQUEST: EmptyPswd
[INFO ] 2025-06-12 14:56:02.514 [main] LoggerLoad - POST REQUEST: EmptyUsr
[INFO ] 2025-06-12 14:56:02.797 [main] LoggerLoad - POST REQUEST: NoAuth
[INFO ] 2025-06-12 14:56:03.059 [main] LoggerLoad - POST REQUEST: IncorrectEndPoint
[INFO ] 2025-06-12 14:56:03.302 [main] LoggerLoad - POST REQUEST: IncorrectBaseURL
[INFO ] 2025-06-12 14:56:03.560 [main] LoggerLoad - POST REQUEST: ExistingUser
[INFO ] 2025-06-12 14:56:03.766 [main] LoggerLoad - POST REQUEST: ValidNam
[INFO ] 2025-06-12 14:56:03.957 [main] LoggerLoad - POST REQUEST: Valid
[INFO ] 2025-06-12 14:56:04.227 [main] LoggerLoad - Closing Workbook
[INFO ] 2025-06-12 15:07:31.947 [main] LoggerLoad - RestAssured Swagger API Execution
[INFO ] 2025-06-12 15:07:31.949 [main] LoggerLoad - Initializing Workbook
[INFO ] 2025-06-12 15:07:31.949 [main] LoggerLoad - Initializing Excel Reader with path: src/test/resources/TestData/API_TestData.xlsx
[INFO ] 2025-06-12 15:07:32.471 [main] LoggerLoad - GET REQUEST: EmptyUsr
[INFO ] 2025-06-12 15:07:33.931 [main] LoggerLoad - GET REQUEST: EmptyPswd
[INFO ] 2025-06-12 15:07:34.242 [main] LoggerLoad - GET REQUEST: NoAuth
[INFO ] 2025-06-12 15:07:34.467 [main] LoggerLoad - GET REQUEST: IncorrectEndPoint
[INFO ] 2025-06-12 15:07:34.757 [main] LoggerLoad - GET REQUEST: IncorrectBaseURL
[INFO ] 2025-06-12 15:07:34.894 [main] LoggerLoad - GET REQUEST: Valid
[INFO ] 2025-06-12 15:07:36.264 [main] LoggerLoad - POST REQUEST: Valid
[INFO ] 2025-06-12 15:07:36.990 [main] LoggerLoad - POST REQUEST: EmptyPswd
[INFO ] 2025-06-12 15:07:37.207 [main] LoggerLoad - POST REQUEST: EmptyUsr
[INFO ] 2025-06-12 15:07:37.420 [main] LoggerLoad - POST REQUEST: NoAuth
[INFO ] 2025-06-12 15:07:37.646 [main] LoggerLoad - POST REQUEST: IncorrectEndPoint
[INFO ] 2025-06-12 15:07:37.941 [main] LoggerLoad - POST REQUEST: IncorrectBaseURL
[INFO ] 2025-06-12 15:07:38.170 [main] LoggerLoad - POST REQUEST: ExistingUser
[INFO ] 2025-06-12 15:07:38.379 [main] LoggerLoad - POST REQUEST: ValidNam
[INFO ] 2025-06-12 15:07:38.572 [main] LoggerLoad - POST REQUEST: Valid
[INFO ] 2025-06-12 15:07:38.860 [main] LoggerLoad - Closing Workbook
[INFO ] 2025-06-12 15:10:40.502 [main] LoggerLoad - RestAssured Swagger API Execution
[INFO ] 2025-06-12 15:10:40.505 [main] LoggerLoad - Initializing Workbook
[INFO ] 2025-06-12 15:10:40.505 [main] LoggerLoad - Initializing Excel Reader with path: src/test/resources/TestData/API_TestData.xlsx
[INFO ] 2025-06-12 15:10:41.016 [main] LoggerLoad - GET REQUEST: EmptyUsr
[INFO ] 2025-06-12 15:10:42.527 [main] LoggerLoad - GET REQUEST: EmptyPswd
[INFO ] 2025-06-12 15:10:42.748 [main] LoggerLoad - GET REQUEST: NoAuth
[INFO ] 2025-06-12 15:10:42.969 [main] LoggerLoad - GET REQUEST: IncorrectEndPoint
[INFO ] 2025-06-12 15:10:43.291 [main] LoggerLoad - GET REQUEST: IncorrectBaseURL
[INFO ] 2025-06-12 15:10:43.485 [main] LoggerLoad - GET REQUEST: Valid
[INFO ] 2025-06-12 15:10:44.748 [main] LoggerLoad - POST REQUEST: Valid
[INFO ] 2025-06-12 15:10:45.438 [main] LoggerLoad - POST REQUEST: EmptyPswd
[INFO ] 2025-06-12 15:10:45.658 [main] LoggerLoad - POST REQUEST: EmptyUsr
[INFO ] 2025-06-12 15:10:45.888 [main] LoggerLoad - POST REQUEST: NoAuth
[INFO ] 2025-06-12 15:10:46.102 [main] LoggerLoad - POST REQUEST: IncorrectEndPoint
[INFO ] 2025-06-12 15:10:46.350 [main] LoggerLoad - POST REQUEST: IncorrectBaseURL
[INFO ] 2025-06-12 15:10:46.555 [main] LoggerLoad - POST REQUEST: ExistingUser
[INFO ] 2025-06-12 15:10:46.801 [main] LoggerLoad - POST REQUEST: ValidNam
[INFO ] 2025-06-12 15:10:47.015 [main] LoggerLoad - POST REQUEST: Valid
[INFO ] 2025-06-12 15:10:47.305 [main] LoggerLoad - Closing Workbook
[INFO ] 2025-06-12 15:12:50.035 [main] LoggerLoad - RestAssured Swagger API Execution
[INFO ] 2025-06-12 15:12:50.037 [main] LoggerLoad - Initializing Workbook
[INFO ] 2025-06-12 15:12:50.038 [main] LoggerLoad - Initializing Excel Reader with path: src/test/resources/TestData/API_TestData.xlsx
[INFO ] 2025-06-12 15:12:50.534 [main] LoggerLoad - GET REQUEST: EmptyUsr
[INFO ] 2025-06-12 15:12:52.047 [main] LoggerLoad - GET REQUEST: EmptyPswd
[INFO ] 2025-06-12 15:12:52.275 [main] LoggerLoad - GET REQUEST: NoAuth
[INFO ] 2025-06-12 15:12:52.462 [main] LoggerLoad - GET REQUEST: IncorrectEndPoint
[INFO ] 2025-06-12 15:12:52.712 [main] LoggerLoad - GET REQUEST: IncorrectBaseURL
[INFO ] 2025-06-12 15:12:52.856 [main] LoggerLoad - GET REQUEST: Valid
[INFO ] 2025-06-12 15:12:54.144 [main] LoggerLoad - POST REQUEST: Valid
[INFO ] 2025-06-12 15:12:54.425 [main] LoggerLoad - POST REQUEST: EmptyPswd
[INFO ] 2025-06-12 15:12:54.644 [main] LoggerLoad - POST REQUEST: EmptyUsr
[INFO ] 2025-06-12 15:12:54.852 [main] LoggerLoad - POST REQUEST: NoAuth
[INFO ] 2025-06-12 15:12:55.067 [main] LoggerLoad - POST REQUEST: IncorrectEndPoint
[INFO ] 2025-06-12 15:12:55.273 [main] LoggerLoad - POST REQUEST: IncorrectBaseURL
[INFO ] 2025-06-12 15:12:55.466 [main] LoggerLoad - POST REQUEST: ExistingUser
[INFO ] 2025-06-12 15:12:55.717 [main] LoggerLoad - POST REQUEST: Valid
[INFO ] 2025-06-12 15:12:55.985 [main] LoggerLoad - Closing Workbook
